Allow RapLink Feed,Availability,Cash Price,Cash Discount %,Certificate #,Certificate Filename,Clarity,Color,Cert Comment,Country,Crown Angle,Crown Height,Culet Size,Cut Grade,Depth %,Diamond Image,Display Cert Number,Eye Clean,Sarine Name,Fancy Color,Fancy Color Intensity,Fancy Color Overtone,Fluorescence Color,Fluorescence Intensity,Girdle %,Girdle Condition,Girdle Thick,Girdle Thin,Lab,Measurements,Member Comments,Pair Stock #,Parcel Stones,Pavilion Angle,Pavilion Depth,Polish,RapNet Discount %,RapNet Price,Shape,Size,State,Star Length,Stock #,Symmetry,Table %,Trade Show,BGM,Full List Price,Second Site
Y,,,,1323138625,1323138625.pdf,SI2,D,Clouds are not shown. Pinpoints are not shown.   K.T.S:Crystal; Feather; Cavity; Knot; Needle; Inde,ISRAEL,0.0,0.0,NON,,62.9,,Y,,,        ,,,,NON,0.00,Faceted,VTK,STK,GIA,8.89 x  5.45 x  3.43,,,,    , 0.0,EX,-0.38,3410,PS, 1.00,,  0,AG114-03,VG,55,,,0,
Y,,,,364907669,,SI2,F,,ISRAEL,0.0,0.0,,VG,59.7,,Y,,,        ,,,,NONE,0.00,,,,IGI,6.38 x  6.45 x  3.84,,,,    , 0.0,EX,-0.47,3392,RBC, 1.01,,  0,AG116-06A,VG,64,,,0,
Y,,,,361907670,,SI2,G,,ISRAEL,0.0,0.0,,VG,63.8,,Y,,,        ,,,,VERY SLIGHT,0.00,,,,IGI,6.26 x  6.29 x  4.00,,,,    , 0.0,VG,-0.47,3180,RBC, 1.00,,  0,AG116-06C,VG,63,,,0,
Y,,,,361907672,,SI2,G,,ISRAEL,0.0,0.0,,G,59.8,,Y,,,        ,,,,NONE,0.00,,,,IGI,6.35 x  6.40 x  3.81,,,,    , 0.0,VG,-0.47,3180,RBC, 1.00,,  0,AG116-06D,VG,64,,,0,
Y,,,,361907668,,SI2,E,,ISRAEL,0.0,0.0,,VG,61.0,,Y,,,        ,,,,VERY SLIGHT,0.00,,,,IGI,6.43 x  6.46 x  3.93,,,,    , 0.0,VG,-0.47,3551,RBC, 1.04,,  0,AG116-06E,VG,63,,,0,
Y,,,,361964503,,SI2,E,,ISRAEL,0.0,0.0,,EX,63.5,,Y,,,        ,,,,VERY SLIGHT,0.00,,,,IGI,8.05 x  8.13 x  5.13,,,,    , 0.0,EX,-0.45,6050,RBC, 2.08,,  0,AG238-01,EX,55,,,0,
Y,,,,7306373000,7306373000.pdf,SI2,I,Additional twinning wisps; clouds and surface grai   K.T.S:Twinning Wisp; Feather; Crystal; Needle; Ind,ISRAEL,36.0,15.0,NON,EX,62.6,https://segoma.com/v.aspx?type=view&id=T2W171HONB,Y,,,        ,,,,NON,0.00,Faceted,STK,MED,GIA,8.63 x  8.59 x  5.39,,,,41.0,43.5,EX,-0.30,5950,RBC, 2.50,, 55,AG255-04,EX,59,,,0,
Y,,,,,,,,,ISRAEL,0.0,0.0,,,0.0,,Y,,,        ,,,,,0.00,,,,,,,,,    , 0.0,,     ,5000,RBC, 3.01,,  0,AG347-02,,  ,,,0,
Y,,,,337825737,,SI2,I,,ISRAEL,13.5,0.0,P,EX,61.1,https://segoma.com/v.aspx?type=view&id=K8RN2LHKA9,Y,,,        ,,,,NONE,0.00,,,MEDIUM,IGI,10.98 x 11.03 x  6.72,,,,    ,43.5,EX,-0.40,10200,RBC, 5.02,,  0,AG554-01,EX,60,HK-March2019,,0,
Y,,,,3295057548,3295057548.pdf,VVS1,D,K.T.S:Feather; Chip; Natural,ISRAEL,35.5,15.5,NON,VG,62.9,,Y,,,        ,,,,FNT,0.00,Faceted,STK,MED,GIA,4.37 x  4.34 x  2.74,,,,41.2,43.5,EX,-0.40,1740,RBC, 0.32,, 55,AZ001-48,VG,57,,,0,
Y,,,,2176709793,2176709793.pdf,VS2,D,,ISRAEL,32.5,11.5,NON,VG,60.0,https://segoma.com/v.php?type=inner&id=JFVF3ZPEHH,Y,,,        ,,,,STG,0.00,Faceted,STK,MED,GIA,4.40 x  4.38 x  2.63,,,,42.0,45.0,EX,-0.35,1625,RBC, 0.31,, 50,AZ003-17,VG,64,,,0,
Y,,,,1179522732,1179522732.pdf,VS2,D,,ISRAEL,36.5,15.5,NON,VG,62.4,https://segoma.com/v.php?type=inner&id=M6053JSLFF,Y,,,        ,,,,MED,0.00,Faceted,THK,MED,GIA,4.71 x  4.66 x  2.92,,,,40.4,42.5,VG,-0.35,1885,RBC, 0.40,, 50,AZ003-19,VG,58,,,0,
Y,,,,3315419616,3315419616.pdf,VS2,D,K.T.S:Twinning Wisp,ISRAEL,0.0,0.0,NON,,63.8,https://segoma.com/v.aspx?type=view&id=WVPJGYNAAX,Y,,,        ,,,,NON,0.00,Faceted,VTK,THN,GIA,7.04 x  5.18 x  3.30,,,,    , 0.0,VG,-0.33,3082,OV, 0.80,,  0,AZ003-48,G,58,HK-March2019,,0,
Y,,,,5176715538,5176715538.pdf,VS2,D,,ISRAEL,31.5,12.5,NON,G,58.8,https://segoma.com/v.php?type=inner&id=FDMU6Z6SFF,Y,,,        ,,,,NON,0.00,Faceted,THK,STK,GIA,4.37 x  4.34 x  2.56,,,,40.2,42.0,EX,-0.35,1625,RBC, 0.30,, 50,AZ003-9,VG,59,,,0,
Y,,,,3404164628,,VVS2,E,,ISRAEL,0.0,0.0,,,70.4,,Y,,,        ,,,,NONE,0.00,Polished,,MED;,EGL Israel,4.15 x  4.29 x  2.92,,,,    , 0.0,EX,-0.60,1040,RAD, 0.40,,  0,AZ011-15,EX,66,,,0,
Y,,,,6262354062,6262354062.pdf,VVS1,D,K.T.S:Pinpoint; Cloud,ISRAEL,32.5,11.5,NON,G,57.1,https://segoma.com/v.php?type=inner&id=IVP0PNDUCC,Y,,,        ,,,,NON,0.00,Faceted,MED,THN,GIA,6.16 x  6.14 x  3.51,,,,40.6,43.0,VG,-0.23,5390,RBC, 0.80,, 55,AZ012-24,VG,64,,,0,
Y,,,,3404164527,,VS1,E,,ISRAEL,0.0,0.0,,,67.2,,Y,,,        ,,,,NONE,0.00,Polished,,MED;,EGL Israel,4.24 x  4.79 x  2.85,,,,    , 0.0,VG,-0.50,1200,PR, 0.47,,  0,AZ012-79,VG,83,,,0,
Y,,,,2294053224,2294053224.pdf,VVS2,F,K.T.S:Cloud; Feather; Pinpoint,ISRAEL,36.5,15.5,VSM,G,61.1,,Y,,,        ,,,,NON,0.00,Faceted,MED,THN,GIA,4.86 x  4.83 x  2.96,,,,40.8,43.0,VG,-0.33,1943,RBC, 0.42,, 50,AZ021-46,F,59,,,0,
Y,,,,7296054202,7296054202.pdf,VS2,E,K.T.S:Crystal; Indented Natural,ISRAEL,36.0,15.5,SML,F,65.3,,Y,,,        ,,,,FNT,0.00,Faceted,ETK,THK,GIA,4.14 x  4.10 x  2.69,,,,40.8,42.5,VG,-0.39,1464,RBC, 0.30,, 55,AZ023-78,G,57,,,0,
Y,,,,2161064416,2161064416.pdf,VVS1,G,K.T.S:Feather; Chip; Indented Natural,ISRAEL,34.5,15.5,NON,VG,63.5,https://segoma.com/v.aspx?type=view&id=B7MGH36KUI,Y,,,        ,,,,NON,0.00,Faceted,MED,THN,GIA,5.98 x  5.95 x  3.79,,,,42.0,44.5,VG,-0.15,4505,RBC, 0.81,, 45,AZ030-21,VG,55,,,0,
Y,,,,6295053761,6295053761.pdf,VVS2,G,K.T.S:Needle; Pinpoint; Feather; Indented Natural,ISRAEL,38.0,15.0,NON,G,63.0,,Y,,,        ,,,Blue,MED,0.00,Faceted,STK,THN,GIA,4.75 x  4.70 x  2.98,,,,41.2,43.5,G,-0.35,1820,RBC, 0.42,, 55,AZ031-26,G,61,,,0,
Y,,,,7288802150,7288802150.pdf,VS1,G,K.T.S:Feather,ISRAEL,0.0,0.0,NON,,63.9,,Y,,,        ,,,,NON,0.00,,STK,MED,GIA,6.97 x  3.31 x  2.11,,AZ043-54,,    , 0.0,EX,     ,2500,BG, 0.50,,  0,AZ032-18,EX,73,HK-March2019,,0,
Y,,,,2296058425,2296058425.pdf,VS1,F,K.T.S:Feather; Knot,ISRAEL,30.5,12.5,NON,G,58.3,,Y,,,        ,,,,FNT,0.00,Faceted,VTK,MED,GIA,4.73 x  4.67 x  2.74,,,,40.2,42.5,VG,-0.33,1608,RBC, 0.37,, 55,AZ032-56,G,59,,,0,
Y,,,,3404164729,,VS1,G,,ISRAEL,0.0,0.0,,,75.4,,Y,,,        ,,,,NONE,0.00,Polished,,MED;,EGL Israel,4.23 x  4.75 x  3.19,,,,    , 0.0,EX,-0.60,1080,RAD, 0.50,,  0,AZ032-87,EX,79,,,0,
Y,,,,2298057614,2298057614.pdf,VS1,G,K.T.S:Crystal,ISRAEL,37.5,15.5,NON,G,64.6,,Y,,,        ,,,,FNT,0.00,Faceted,VTK,THN,GIA,4.67 x  4.60 x  2.99,,,,41.6,44.0,VG,-0.38,1674,RBC, 0.41,, 50,AZ032-89,F,60,,,0,
Y,,,,,,SI3,D,,ISRAEL,0.0,0.0,,,0.0,,Y,,,        ,,,,,0.00,,,,,,,,,    , 0.0,,     ,2100,BG, 1.42,,  0,AZ033-45,,  ,HK-March2019,,0,
Y,,,,1299053373,1299053373.pdf,VS2,G,K.T.S:Crystal; Feather,ISRAEL,37.5,16.0,NON,G,65.4,,Y,,,        ,,,Blue,MED,0.00,Faceted,THK,THN,GIA,4.45 x  4.38 x  2.89,,,,42.0,44.5,G,-0.33,1474,RBC, 0.35,, 50,AZ033-87,G,58,,,0,
Y,,,,3195163129,3195163129.pdf,SI2,F,,ISRAEL,0.0,0.0,NON,,71.4,https://segoma.com/v.php?type=inner&id=0Z7QSJ9HYY,Y,,,        ,,,,NON,0.00,,VTK,ETN,GIA,4.78 x  4.09 x  2.92,,,,    , 0.0,VG,-0.40,960,RAD, 0.45,,  0,AZ034-16,F,82,,,0,
Y,,,,5293053110,5293053110.pdf,SI2,F,K.T.S:Twinning Wisp,ISRAEL,37.5,16.0,NON,G,63.6,,Y,,,        ,,,Blue,MED,0.00,Faceted,VTK,STK,GIA,6.09 x  6.04 x  3.86,,,,40.6,42.5,VG,-0.45,2750,RBC, 0.91,, 50,AZ035-21,G,58,,,0,
Y,,,,2256064799,2256064799.pdf,IF,H,K.T.S:Minor Details of Polish,ISRAEL,0.0,0.0,NON,,66.2,,Y,,,        ,,,,NON,0.00,Faceted,MED,THN,GIA,5.62 x  5.41 x  3.58,,AZ043-76,,    , 0.0,EX,-0.38,3100,CUSH, 0.91,,  0,AZ040-78,VG,64,HK-March2019,,0,
Y,,,,6235663062,6235663062.pdf,VS1,E,,ISRAEL,0.0,0.0,NON,,81.3,https://segoma.com/v.php?type=inner&id=5PE6L7EPLL,Y,,,        ,,,,MED,0.00,,STK,THN,GIA,7.55 x  3.42 x  2.78,,,,    , 0.0,VG,-0.20,3680,BG, 0.71,,  0,AZ041-3,G,66,HK-March2019,,0,
Y,,,,7296054495,7296054495.pdf,VS1,G,K.T.S:Crystal; Needle,ISRAEL,38.0,16.0,NON,F,67.2,,Y,,,        ,,,,NON,0.00,Faceted,THK,MED,GIA,4.78 x  4.71 x  3.19,,,,42.6,45.5,VG,-0.36,1728,RBC, 0.45,, 55,AZ042-45,F,58,,,0,
Y,,,,7192877249,7192877249.pdf,VS2,H,,ISRAEL,0.0,0.0,NON,,65.8,https://segoma.com/v.php?type=inner&id=QRUKVRI1JJ,Y,,,        ,,,,NON,0.00,,STK,MED,GIA,7.00 x  3.33 x  2.19,,AZ032-18,,    , 0.0,VG,     ,2500,BG, 0.54,,  0,AZ043-54,VG,72,HK-March2019,,0,
Y,,,,7251064801,7251064801.pdf,VS2,H,K.T.S:Cloud,ISRAEL,0.0,0.0,NON,,68.5,,Y,,,        ,,,,NON,0.00,Faceted,MED,VTN,GIA,5.58 x  5.34 x  3.66,,AZ040-78,,    , 0.0,EX,-0.38,2852,CUSH, 0.90,,  0,AZ043-76,VG,63,HK-March2019,,0,
Y,,,,6292054505,6292054505.pdf,VS2,H,K.T.S:Cloud; Crystal; Chip; Feather,ISRAEL,36.0,15.5,NON,F,64.4,,Y,,,        ,,,,NON,0.00,Faceted,ETK,THK,GIA,4.16 x  4.14 x  2.67,,,,40.6,42.5,VG,-0.38,1302,RBC, 0.30,, 50,AZ043-78,VG,57,,,0,
Y,,,,2931387942,,VS2,LY,,ISRAEL,0.0,0.0,,,61.7,,Y,,,        ,,,,NONE,0.00,,,,EGL Israel,5.50 x  5.48 x  3.39,,,,    , 0.0,VG,     ,1000,RBC, 0.64,,  0,AZ045-5,VG,61,,,0,
Y,,,,6312902095,6312902095.pdf,VVS1,I,K.T.S:Feather; Indented Natural; Surface Graining,ISRAEL,0.0,0.0,NON,,52.8,,Y,,,        ,,,Blue,MED,0.00,Faceted,VTK,THK,GIA,8.81 x  5.37 x  2.84,,,,    , 0.0,VG,-0.30,2240,PS, 0.80,,  0,AZ050-11,VG,62,HK-March2019,,0,
Y,,,,5296057199,5296057199.pdf,VVS2,I,K.T.S:Pinpoint; Feather; Chip; Cavity,ISRAEL,35.0,13.0,NON,VG,61.7,,Y,,,        ,,,,NON,0.00,Faceted,THK,STK,GIA,4.27 x  4.24 x  2.62,,,,41.2,43.5,VG,-0.35,1365,RBC, 0.30,, 60,AZ051-15,VG,62,,,0,
Y,,,,6312902016,6312902016.pdf,VS1,I,K.T.S:Feather,ISRAEL,0.0,0.0,NON,,46.3,,Y,,,        ,,,Blue,MED,0.00,Faceted,VTK,STK,GIA,9.49 x  5.53 x  2.56,,,,    , 0.0,VG,-0.30,2030,PS, 0.80,,  0,AZ052-46,VG,64,HK-March2019,,0,
Y,,,,2296053152,2296053152.pdf,SI1,J,K.T.S:Crystal,ISRAEL,35.5,15.0,NON,VG,62.3,,Y,,,        ,,,,NON,0.00,Faceted,THK,MED,GIA,4.40 x  4.38 x  2.73,,,,40.6,42.5,VG,     ,1092,RBC, 0.33,, 55,AZ064-15,VG,58,,,0,
Y,,,,2298053457,2298053457.pdf,SI1,J,K.T.S:Crystal,ISRAEL,35.0,15.0,NON,G,64.4,,Y,,,        ,,,Blue,MED,0.00,Faceted,VTK,THK,GIA,4.19 x  4.17 x  2.69,,,,41.2,43.5,EX,     ,1092,RBC, 0.30,, 55,AZ064-16,VG,57,,,0,
Y,,,,,,,FVY,,ISRAEL,0.0,0.0,,,0.0,,Y,,,        ,,,,,0.00,,,,,,,,,    , 0.0,,     ,5000,RBC, 0.36,,  0,AZ099-11,,  ,HK-March2019,,0,
Y,,,,2185123493,2185123493.pdf,I1,,Pinpoints are not shown.  Fancy Pink; Natural Even K.T.S:Crystal; Etch Channel; Knot; Cavity; Indente,ISRAEL,0.0,0.0,NON,,65.5,https://segoma.com/v.aspx?type=view&id=KC0WXTMC1B,Y,,,PINK    ,FANCY,,Blue,STG,0.00,Faceted,ETK,STK,GIA,5.42 x  5.40 x  3.54,,,,    , 0.0,VG,     ,50000,CUSH, 0.92,,  0,AZ099-14,G,61,HK-March2019,,0,
Y,,,,2185617663,2185617663.pdf,I1,,Clouds; pinpoints and surface graining are not sho  Fancy Light Green; Natural Even K.T.S:Crystal; Feather; Extra Facet,ISRAEL,0.0,0.0,NON,,62.7,https://segoma.com/v.php?type=inner&id=SQV6D6VVUU,Y,,,GREEN   ,LIGHT,,Blue,STG,0.00,Faceted,ETK,VTK,GIA,5.74 x  5.54 x  3.47,WeChat ID - GuyZamir,,,    , 0.0,G,     ,8200,CUSH, 0.93,,  0,AZ099-2,G,64,HK-March2019,,0,
Y,,,,5141663693,5141663693.pdf,SI1,Fancy,Pinpoints are not shown.  Fancy Deep Brownish Greenish Yellow; Natural K.T.S:Etch Channel; Feather; Indented Natural; Ext,ISRAEL,0.0,0.0,NON,,56.4,,Y,,,        ,,,,NON,0.00,,ETK,THK,GIA,3.89 x  3.84 x  2.18,,,,    , 0.0,G,     ,2500,RBC, 0.21,,  0,AZ099-24,F,63,,,0,
Y,,,,2256832676,2256832676.pdf,VS1,,Internal graining is not shown.  Fancy Orangy Pink; Natural Even K.T.S:Crystal; Feather; Pinpoint; Natural,ISRAEL,0.0,0.0,NON,,62.9,https://segoma.com/v.aspx?type=view&id=NGMOFD3TYH,Y,,,PINK    ,FANCY,ORANGY,Blue,STG,0.00,Faceted,STK,MED,GIA,5.73 x  5.69 x  3.59,,,,    , 0.0,G,     ,35000,RBC, 0.71,,  0,AZ099-34,VG,58,HK-March2019,,0,
Y,,,,2175190233,,I2,,VIVID PURPLISH,ISRAEL,0.0,0.0,,,0.0,,Y,,,PINK    ,VIVID,PURPLISH,,,0.00,,,,GIA,,,,,    , 0.0,,     ,100000,RAD, 0.68,,  0,AZ099-41,,  ,HK-March2019,,0,
Y,,,,1206064938,1206064938.pdf,I2,,Additional clouds; pinpoints and internal graining  Fancy Intense Purplish Pink; Natural Even K.T.S:Etch Channel; Feather; Crystal; Cloud; Cavit,ISRAEL,0.0,0.0,NON,,62.2,,Y,,,PINK    ,INTENSE,PURPLISH,Blue,MED,0.00,,STK,ETN,GIA,4.00 x  3.89 x  2.45,,,,    , 0.0,VG,     ,40000,RBC, 0.23,,  0,AZ099-42,F,60,,,0,
Y,,,,2205065588,2205065588.pdf,I2,,Fancy Pink; Natural Even K.T.S:Crystal; Feather; Indented Natural; Etch Cha,ISRAEL,0.0,0.0,NON,,64.9,,Y,,,PINK    ,FANCY,,Blue,MED,0.00,,VTK,MED,GIA,4.09 x  4.04 x  2.63,,,,    , 0.0,G,     ,28000,RBC, 0.27,,  0,AZ099-43,F,62,,,0,
Y,,,,,,SI3,,,ISRAEL,0.0,0.0,,,0.0,,Y,,,PINK    ,VIVID,,,,0.00,,,,,,,,23,    , 0.0,,     ,60000,RBC, 1.51,,  0,AZ099-44,,  ,HK-March2019,,0,
Y,,,,,,I1,,,ISRAEL,0.0,0.0,,,0.0,,Y,,,PINK    ,,,,,0.00,,,,,,,,7,    , 0.0,,     ,15000,RBC, 0.45,,  0,AZ099-46,,  ,,,0,
Y,,,,,,,,,ISRAEL,0.0,0.0,,,0.0,,Y,,,YELLOW  ,VIVID,,,,0.00,,,,,,,,31,    , 0.0,,     ,5000,RBC, 7.51,,  0,AZ099-70,,  ,HK-March2019,,0,
Y,,,,6194953126,6194953126.pdf,VS2,,Internal graining is not shown.  Fancy Brownish Orangy Pink; Natural Even K.T.S:Indented Natural; Feather; Extra Facet,ISRAEL,0.0,0.0,NON,,64.4,https://segoma.com/v.aspx?type=view&id=WLE4W80CVM,Y,,,PINK    ,FANCY,ORANGY,Blue,MED,0.00,Faceted,ETK,THK,GIA,6.25 x  4.52 x  2.91,,,,    , 0.0,EX,     ,12000,OV, 0.62,,  0,AZ099-75,G,58,HK-March2019,,0,
Y,,,,1305497991,1305497991.pdf,VVS1,D,Additional pinpoints are not shown. Surface graini   K.T.S:Pinpoint; Feather; Cavity; Chip; Indented Na,ISRAEL,0.0,0.0,NON,,59.0,,Y,,,        ,,,,FNT,0.00,Faceted,VTK,MED,GIA,9.04 x  5.76 x  3.40,,AZ112-87,,    , 0.0,VG,-0.45,6050,PS, 1.04,,  0,AZ100-46,VG,54,HK-March2019,,0,
Y,,,,1315897397,1315897397.pdf,VVS1,D,K.T.S:Pinpoint; Indented Natural,ISRAEL,0.0,0.0,NON,,61.8,,Y,,,        ,,,,NON,0.00,Faceted,STK,THN,GIA,8.31 x  5.50 x  3.40,,AZ100-51,,    , 0.0,EX,-0.31,7590,OV, 1.04,,  0,AZ100-50,VG,62,,,0,
Y,,,,2316904100,2316904100.pdf,VVS1,D,K.T.S:Pinpoint,ISRAEL,0.0,0.0,NON,,61.5,,Y,,,        ,,,,NON,0.00,Faceted,THK,MED,GIA,8.17 x  5.56 x  3.42,,AZ100-50,,    , 0.0,EX,-0.31,7590,OV, 1.04,,  0,AZ100-51,VG,54,,,0,
Y,,,,2151386603,2151386603.pdf,IF,D,Minor details of polish are not shown.   K.T.S:Natural,ISRAEL,0.0,0.0,NON,,59.1,https://segoma.com/v.aspx?type=view&id=JAFDRVPZER,Y,,,        ,,,,NON,0.00,Faceted,MED,VTN,GIA,9.18 x  6.74 x  3.98,,,,    , 0.0,VG,-0.41,10030,OV, 1.57,,  0,AZ100-54,VG,56,HK-March2019,,0,
Y,,,,7312905193,7312905193.pdf,VVS2,D,Surface graining is not shown.   K.T.S:Pinpoint,ISRAEL,0.0,0.0,NON,,61.5,https://segoma.com/v.aspx?type=view&id=EVVRMFRD46,Y,,,        ,,,,NON,0.00,Faceted,STK,MED,GIA,8.97 x  5.68 x  3.49,,,,    , 0.0,VG,-0.30,6860,PS, 1.05,,  0,AZ101-49,VG,58,HK-March2019,,0,
Y,,,,2131315861,2131315861.pdf,VS1,D,Additional pinpoints are not shown.   K.T.S:Crystal; Feather; Cloud; Indented Natural; N,ISRAEL,35.5,14.5,NON,VG,62.6,https://segoma.com/v.php?type=inner&id=IRA1WW6KKK,Y,,,        ,,,,NON,0.00,Faceted,THK,MED,GIA,7.25 x  7.21 x  4.53,,,,41.0,43.5,EX,-0.33,10720,RBC, 1.50,, 55,AZ102-13,VG,60,HK-March2019,,0,
Y,,,,2131619123,2131619123.pdf,VS1,D,Pinpoints are not shown.,ISRAEL,36.5,16.0,NON,EX,63.3,https://segoma.com/v.php?type=inner&id=BXQ6A0ARZZ,Y,,,        ,,,,NON,0.00,Faceted,STK,MED,GIA,6.42 x  6.30 x  4.03,,,,41.2,43.5,EX,-0.30,8540,RBC, 1.01,, 50,AZ102-60,VG,57,HK-March2019,,0,
Y,,,,2148374439,2148374439.pdf,VS1,D,An additional pinpoint is not shown.,ISRAEL,36.0,15.0,NON,EX,62.0,https://segoma.com/v.php?type=inner&id=FI66GRSJOO,Y,,,        ,,,,FNT,0.00,Faceted,,STK,GIA,6.40 x  6.36 x  3.96,,,,40.8,43.0,EX,-0.32,8296,RBC, 1.01,, 55,AZ102-7,VG,59,HK-March2019,,0,
Y,,,,D88801980IL,,SI1,D,,ISRAEL,0.0,0.0,,EX,63.1,,Y,,,        ,,,,NONE,0.00,,,,IGL,6.28 x  6.35 x  3.98,,,,    , 0.0,EX,-0.54,3956,RBC, 1.02,,  0,AZ104-84,EX,57,HK-March2019,,0,
Y,,,,1273785898,1273785898.pdf,VVS1,E,K.T.S:Pinpoint; Cavity,ISRAEL,0.0,0.0,NON,,65.7,,Y,,,        ,,,,NON,0.00,,,STK,GIA,8.70 x  4.19 x  2.75,,AZ122-87,,    , 0.0,EX,-0.35,6370,BG, 1.02,,  0,AZ111-54,EX,69,HK-March2019,,0,
Y,,,,1275110196,1275110196.pdf,VS1,E,K.T.S:Feather; Pinpoint; Extra Facet,ISRAEL,0.0,0.0,NON,,56.0,,Y,,,        ,,,Blue,MED,0.00,Faceted,ETK,VTK,GIA,9.10 x  5.55 x  3.11,,AZ100-46,,    , 0.0,VG,-0.45,4125,PS, 1.01,,  0,AZ112-87,F,53,HK-March2019,,0,
Y,,,,2151386592,2151386592.pdf,VS2,D,K.T.S:,ISRAEL,0.0,0.0,NON,,65.0,https://segoma.com/v.aspx?type=view&id=647JOCFO3W,Y,,,        ,,,,NON,0.00,Faceted,VTK,MED,GIA,9.17 x  5.42 x  3.53,,,,    , 0.0,VG,-0.35,4875,PS, 1.02,,  0,AZ113-18,VG,51,HK-March2019,,0,
Y,,,,7276877951,7276877951.pdf,VS2,E,Additional pinpoints are not shown. Surface graini   K.T.S:Feather; Twinning Wisp; Cloud; Pinpoint,ISRAEL,32.5,13.0,NON,EX,60.1,https://segoma.com/v.aspx?type=view&id=LLV6LDPBQR,Y,,,        ,,,,FNT,0.00,Faceted,STK,MED,GIA,6.57 x  6.54 x  3.94,,,,40.8,43.0,VG,-0.31,6624,RBC, 1.04,, 45,AZ113-45,EX,59,HK-March2019,,0,
Y,,,,1313419438,1313419438.pdf,VS2,E,Pinpoints are not shown.   K.T.S:Crystal; Feather; Needle,ISRAEL,0.0,0.0,NON,,63.6,https://segoma.com/v.aspx?type=view&id=R30KNWEXVS,Y,,,        ,,,,NON,0.00,,THK,THN,GIA,8.22 x  5.65 x  3.59,,,,    , 0.0,EX,-0.40,5880,EM, 1.57,,  0,AZ113-56,VG,64,HK-March2019,,0,
Y,,,,2151874585,2151874585.pdf,SI1,G,Clouds are not shown.Pinpoints are not shown.   K.T.S:Crystal; Feather; Knot; Needle; Indented Nat,ISRAEL,31.5,12.5,NON,EX,60.2,https://segoma.com/v.php?type=view&id=7NP4V21UOO,Y,,,        ,,,,FNT,0.00,Faceted,MED,THN,GIA,14.67 x 14.58 x  8.80,,,,41.8,44.5,EX,     ,35000,RBC,11.29,, 50,AZ1134-1,EX,59,HK-March2019,,0,
Y,,,,6271456241,6271456241.pdf,SI2,E,Additional clouds are not shown. Pinpoints are not   K.T.S:Feather; Crystal; Cloud; Needle; Indented Na,ISRAEL,34.5,13.5,NON,VG,62.3,https://segoma.com/v.aspx?type=view&id=KZ8YD9T6TC,Y,,,        ,,,,NON,0.00,Faceted,THK,MED,GIA,6.39 x  6.37 x  3.97,,,,41.4,44.0,EX,-0.32,4556,RBC, 1.02,, 50,AZ115-10,VG,61,HK-March2019,,0,
Y,,,,2304544326,2304544326.pdf,SI2,E,Additional clouds; pinpoints and manufacturing rem   K.T.S:Crystal; Feather; Cavity; Cloud; Indented Na,ISRAEL,0.0,0.0,NON,,67.0,,Y,,,        ,,,,NON,0.00,,VTK,MED,GIA,7.36 x  6.84 x  4.58,,,,    , 0.0,VG,-0.33,4623,RAD, 1.90,,  0,AZ115-48,G,64,HK-March2019,,0,
Y,,,,5191531700,5191531700.pdf,VVS1,F,Clarity grade is based on internal graining that i   K.T.S:,ISRAEL,0.0,0.0,NON,,56.5,,Y,,,        ,,,,NON,0.00,Faceted,STK,MED,GIA,6.16 x  7.31 x  4.13,,AZ123-45,,    , 0.0,EX,-0.30,5950,HS, 1.07,,  0,AZ120-52,EX,60,HK-March2019,,0,
Y,,,,2294229816,2294229816.pdf,VS1,F,K.T.S:Feather,ISRAEL,0.0,0.0,NON,,64.5,,Y,,,        ,,,,NON,0.00,,MED,THN,GIA,8.58 x  4.24 x  2.73,,AZ111-54,,    , 0.0,EX,-0.35,4550,BG, 1.02,,  0,AZ122-87,EX,69,HK-March2019,,0,
Y,,,,2307543233,2307543233.pdf,VS2,F,Internal graining is not shown. Surface graining i   K.T.S:Needle; Feather,ISRAEL,0.0,0.0,NON,,60.7,,Y,,,        ,,,,NON,0.00,Faceted,VTK,MED,GIA,5.93 x  6.87 x  4.17,,,,    , 0.0,EX,-0.33,4556,HS, 1.01,,  0,AZ123-11,VG,57,,,0,
Y,,,,6311654044,6311654044.pdf,VS2,F,Surface graining is not shown.   K.T.S:Feather; Pinpoint; Natural,ISRAEL,0.0,0.0,NON,,56.4,,Y,,,        ,,,,NON,0.00,Faceted,STK,MED,GIA,6.11 x  7.11 x  4.01,,AZ120-52,,    , 0.0,VG,-0.30,4760,HS, 1.01,,  0,AZ123-45,VG,61,HK-March2019,,0,
Y,,,,1313509350,1313509350.pdf,I1,F,Additional clouds; pinpoints and surface graining   K.T.S:Feather; Crystal; Cloud; Knot; Needle; Inden,ISRAEL,33.5,13.0,NON,EX,60.8,https://segoma.com/v.aspx?type=view&id=UB35BHYWG7,Y,,,        ,,,,NON,0.00,Faceted,STK,MED,GIA,7.08 x  7.05 x  4.30,,,,41.8,44.5,EX,-0.13,3828,RBC, 1.31,, 50,AZ127-15,EX,61,HK-March2019,,0,
Y,,,,3165398191,3165398191.pdf,VVS1,G,Cut grade affected by brillianteering.,ISRAEL,31.5,13.0,NON,VG,60.4,https://segoma.com/v.php?type=inner&id=Q48YDU7RCC,Y,,,        ,,,,NON,0.00,,THK,STK,GIA,6.48 x  6.44 x  3.90,,,,41.2,43.5,VG,-0.32,6936,RBC, 1.01,, 50,AZ130-1,VG,58,HK-March2019,,0,
Y,,,,329866738,,SI2,G,,ISRAEL,0.0,0.0,,EX,0.0,https://segoma.com/v.aspx?type=view&id=J7NZPX8L95,Y,,,        ,,,,NONE,0.00,,,,IGI,6.46 x  6.50 x  4.06,,,,    , 0.0,VG,-0.37,3780,RBC, 1.07,,  0,AZ135-15,EX,61,HK-March2019,,0,
Y,,,,6242755179,6242755179.pdf,IF,H,Minor details of polish are not shown.   K.T.S:,ISRAEL,0.0,0.0,NON,,68.5,https://segoma.com/v.aspx?type=view&id=8SKFEJUN59,Y,,,        ,,,,NON,0.00,Faceted,STK,THN,GIA,5.87 x  5.81 x  3.98,,AZ140-18,,    , 0.0,EX,-0.45,3630,CUSH, 1.13,,  0,AZ140-15,VG,61,HK-March2019,,0,
Y,,,,6242754738,6242754738.pdf,IF,H,Minor details of polish are not shown.   K.T.S:,ISRAEL,0.0,0.0,NON,,68.7,https://segoma.com/v.aspx?type=view&id=75PD4XWIM6,Y,,,        ,,,,NON,0.00,Faceted,MED,VTN,GIA,5.69 x  5.67 x  3.90,,AZ140-15,,    , 0.0,EX,-0.45,3630,CUSH, 1.06,,  0,AZ140-18,VG,61,HK-March2019,,0,
Y,,,,1188043223,1188043223.pdf,VS1,H,Additional pinpoints are not shown.   K.T.S:Crystal; Cloud; Pinpoint,ISRAEL,33.0,13.5,NON,EX,60.4,https://segoma.com/v.aspx?type=view&id=LM2BVLOA9C,Y,,,        ,,,,NON,0.00,Faceted,MED,THN,GIA,6.54 x  6.51 x  3.94,,,,41.2,43.5,EX,-0.23,6160,RBC, 1.01,, 55,AZ142-16,EX,58,HK-March2019,,0,
Y,,,,7291854022,7291854022.pdf,VS2,H,Pinpoints are not shown.   K.T.S:Feather; Crystal; Cavity; Needle; Extra Face,ISRAEL,0.0,0.0,MED,,59.6,,Y,,,        ,,,Blue,MED,0.00,Faceted,ETK,THN,GIA,11.87 x  4.88 x  2.91,,,,    , 0.0,VG,-0.50,2700,MQ, 1.01,,  0,AZ143-11,F,53,,,0,
Y,,,,,,,J,,ISRAEL,0.0,0.0,,,0.0,https://up.diacam360.com/scan/163a_53095,Y,,,        ,,,,,0.00,,,,,,,,,    , 0.0,,     ,1700,HS, 1.00,,  0,AZ144-10,,  ,,,0,
Y,,,,6295382217,6295382217.pdf,SI2,K,Additional clouds are not shown.   K.T.S:Feather; Crystal; Cloud; Needle; Indented Na,ISRAEL,36.0,13.0,NON,G,62.5,https://segoma.com/v.aspx?type=view&id=TGDPVOWNHF,Y,,,        ,,,Blue,MED,0.00,Faceted,VTK,THK,GIA,6.30 x  6.25 x  3.92,,,,41.0,43.5,EX,-0.35,2535,RBC, 1.00,, 60,AZ175-11,VG,64,HK-March2019,,0,
Y,,,,1172867721,1172867721.pdf,VVS1,N,K.T.S:Feather,ISRAEL,0.0,0.0,NON,,46.6,,Y,,,        ,,,,NON,0.00,Faceted,VTK,STK,GIA,9.99 x  6.96 x  3.24,,,,    , 0.0,EX,     ,2300,OV, 1.59,,  0,AZ180-11,VG,67,HK-March2019,,0,
Y,,,,6305319021,6305319021.pdf,SI1,L,Clouds; pinpoints and surface graining are not sho   K.T.S:Crystal; Feather; Cavity; Needle,ISRAEL,0.0,0.0,NON,,65.7,,Y,,,        ,,,,NON,0.00,Faceted,ETK,MED,GIA,9.96 x  6.51 x  4.28,,AZ273-11,,    , 0.0,VG,-0.25,2475,PS, 1.70,,  0,AZ184-15,G,60,HK-March2019,,0,
Y,,,,15144542,AZ197-01.pdf,,FGGY,NONE,ISRAEL,0.0,0.0,,,0.0,,Y,,,        ,,,,,0.00,,,,GIA,5.49 x  5.43 x  4.27,,,,    , 0.0,,     ,2500,PR, 1.03,,  0,AZ197-1,,  ,,,0,
Y,,,,2185987202,2185987202.pdf,VVS1,,Internal graining is not shown. Additional extra f  Fancy Orangy Pink; Natural Even K.T.S:Chip; Extra Facet,ISRAEL,0.0,0.0,NON,,62.3,https://segoma.com/v.aspx?type=view&id=6WJGGFQJZ5,Y,,,PINK    ,FANCY,ORANGY,,NON,0.00,,VTK,THK,GIA,6.68 x  5.80 x  3.61,,,,    , 0.0,VG,     ,90000,RAD, 1.30,,  0,AZ199-02,G,70,HK-March2019,,0,
Y,,,,2181724517,2181724517.pdf,VVS1,,Fancy Intense Yellow; Natural Even K.T.S:Feather; Indented Natural; Natural,ISRAEL,0.0,0.0,NON,,74.6,https://segoma.com/v.php?type=inner&id=N83TWULZZ,Y,,,YELLOW  ,INTENSE,,Blue,MED,0.00,,,ETK,GIA,6.34 x  4.93 x  3.68,,AZ199-14,,    , 0.0,EX,     ,6000,RAD, 1.14,,  0,AZ199-13,EX,61,HK-March2019,,0,
Y,,,,6173934362,6173934362.pdf,VVS1,,Surface graining is not shown.  Fancy Intense Yellow; Natural Even K.T.S:Feather; Chip,ISRAEL,0.0,0.0,NON,,72.1,https://segoma.com/v.php?type=inner&id=ZTZTW55UNN,Y,,,YELLOW  ,INTENSE,,,NON,0.00,,,ETK,GIA,6.15 x  5.06 x  3.65,,AZ199-13,,    , 0.0,VG,     ,6000,RAD, 1.13,,  0,AZ199-14,VG,60,HK-March2019,,0,
Y,,,,6272044633,6272044633.pdf,VS2,,Additional clouds; pinpoints and surface graining  Fancy Intense Yellow; Natural Even K.T.S:Twinning Wisp; Cloud; Crystal; Feather; Need,ISRAEL,0.0,0.0,NON,,51.7,https://segoma.com/v.aspx?type=view&id=G42AMN8QHU,Y,,,YELLOW  ,INTENSE,,,NON,0.00,Faceted,VTK,MED,GIA,6.40 x  7.48 x  3.87,,,,    , 0.0,EX,     ,6200,HS, 1.27,,  0,AZ199-19,G,64,HK-March2019,,0,
Y,,,,1278836202,1278836202.pdf,VVS1,,Fancy Intense Yellow; Natural Even K.T.S:Cloud; Feather; Extra Facet,ISRAEL,0.0,0.0,NON,,66.7,https://segoma.com/v.aspx?type=view&id=8OVZNJBXEB,Y,,,YELLOW  ,INTENSE,,,NON,0.00,,ETK,VTK,GIA,6.34 x  6.27 x  4.18,,,,    , 0.0,EX,     ,6250,RAD, 1.62,,  0,AZ199-41,G,65,HK-March2019,,0,
Y,,,,D90481730IL,,VS1,H,,ISRAEL,0.0,0.0,,EX,64.3,,Y,,,        ,,,,FAINT,0.00,,,,IGL,6.29 x  6.32 x  4.05,,,,    , 0.0,EX,     ,2000,RBC, 1.01,,  0,AZ199-43,EX,57,HK-March2019,,0,
Y,,,,D90481417IL,,VS2,J,,ISRAEL,0.0,0.0,,G,67.0,,Y,,,        ,,,,NONE,0.00,,,,IGL,6.47 x  6.62 x  4.40,,,,    , 0.0,VG,-0.55,2565,RBC, 1.25,,  0,AZ199-44-1,G,55,HK-March2019,,0,
Y,,,,D90482050IL,,SI1,H,,ISRAEL,0.0,0.0,,EX,61.3,,Y,,,        ,,,,NONE,0.00,,,,IGL,6.63 x  6.76 x  4.09,,,,    , 0.0,EX,-0.70,2040,RBC, 1.11,,  0,AZ199-44-2,EX,57,HK-March2019,,0,
Y,,,,2195939216,2195939216.pdf,SI1,,Clouds; pinpoints and surface graining are not sho  Fancy Deep Brown-Pink; Natural Even K.T.S:Etch Channel; Crystal; Feather; Indented Nat,ISRAEL,0.0,0.0,NON,,54.5,https://segoma.com/v.aspx?type=view&id=2CSQHIJ8X2,Y,,,PINK    ,FANCY,BROWN,Blue,MED,0.00,Faceted,VTK,THN,GIA,9.36 x  5.75 x  3.14,,,,    , 0.0,VG,     ,30000,PS, 1.02,,  0,AZ199-46,G,59,HK-March2019,,0,
Y,,,,3215924848,3215924848.pdf,VS2,S,Additional clouds are not shown.,ISRAEL,0.0,0.0,NON,,68.2,https://up.diacam360.com/scan/83ef_44591,Y,,,        ,,,,NON,0.00,,ETK,VTK,GIA,6.46 x  6.33 x  4.32,,,,    , 0.0,VG,     ,2750,RAD, 1.65,,  0,AZ199-54,G,76,HK-March2019,,0,
Y,,,,7328467980,7328467980.pdf,VS1,D,Surface graining is not shown.   K.T.S:Feather; Needle; Pinpoint; Indented Natural,ISRAEL,0.0,0.0,NON,,58.0,,Y,,,        ,,,,NON,0.00,Faceted,VTK,STK,GIA,7.90 x  8.81 x  5.11,,AZ203-05,,    , 0.0,EX,-0.30,12600,HS, 2.01,,  0,AZ202-03,EX,64,,,0,
Y,,,,5306274808,5306274808.pdf,VS2,D,Pinpoints are not shown.   K.T.S:Crystal; Feather; Cavity; Indented Natural;,ISRAEL,0.0,0.0,NON,,58.7,,Y,,,        ,,,,NON,0.00,Faceted,VTK,THN,GIA,7.78 x  8.71 x  5.12,,AZ202-03,,    , 0.0,EX,-0.30,10850,HS, 2.01,,  0,AZ203-05,EX,59,,,0,
Y,,,,5141848202,5141848202.pdf,SI2,D,Additional clouds are not shown. Pinpoints are not   K.T.S:Feather; Crystal; Cloud; Needle; Natural; Ex,ISRAEL,0.0,0.0,NON,,58.1,https://segoma.com/v.php?type=inner&id=7GY2QUMMMM,Y,,,        ,,,,NON,0.00,Faceted,ETK,STK,GIA,7.18 x  8.50 x  4.94,,AZ225-11,,    , 0.0,VG,-0.45,5060,HS, 2.01,,  0,AZ205-1,G,63,HK-March2019,,0,
Y,,,,1172199178,1172199178.pdf,SI2,F,Additional clouds are not shown. Pinpoints are not   K.T.S:Crystal; Feather; Cloud; Needle; Indented Na,ISRAEL,0.0,0.0,NON,,59.9,https://segoma.com/v.php?type=inner&id=LLHY56LF99,Y,,,        ,,,,NON,0.00,Faceted,ETK,STK,GIA,7.21 x  8.56 x  5.13,,AZ205-1,,    , 0.0,EX,-0.45,4840,HS, 2.01,,  0,AZ225-11,VG,59,HK-March2019,,0,
Y,,,,2287830740,2287830740.pdf,VVS2,H,Internal graining is not shown. Surface graining i   K.T.S:,ISRAEL,33.5,12.5,NON,EX,60.8,https://segoma.com/v.aspx?type=view&id=8J38WFKF6D,Y,,,        ,,,,NON,0.00,Faceted,STK,MED,GIA,8.19 x  8.11 x  4.95,,,,41.4,44.0,EX,-0.37,9765,RBC, 2.03,, 55,AZ241-10,VG,61,HK-March2019,,0,
Y,,,,355935608,,SI2,G,,ISRAEL,0.0,0.0,,EX,61.3,https://segoma.com/v.aspx?type=view&id=OQLCWBT2H1,Y,,,        ,,,,NONE,0.00,,,,IGI,8.90 x  8.96 x  5.48,,,,    , 0.0,EX,-0.38,6200,RBC, 2.62,,  0,AZ245-01,EX,57,HK-March2019,,0,
Y,,,,1309318746,1309318746.pdf,SI1,L,Clouds; pinpoints and surface graining are not sho   K.T.S:Crystal; Cavity; Feather; Needle; Indented N,ISRAEL,0.0,0.0,NON,,66.8,,Y,,,        ,,,,NON,0.00,Faceted,ETK,THN,GIA,10.32 x  6.97 x  4.65,,AZ184-15,,    , 0.0,VG,-0.25,3000,PS, 2.01,,  0,AZ273-11,F,59,HK-March2019,,0,
Y,,,,DB7007365IL,,VVS2,,,ISRAEL,0.0,0.0,,,0.0,,Y,,,BROWN   ,,,,FAINT,0.00,,,,IGL,8.64 x  9.69 x  4.81,,,,    , 0.0,VG,     ,3000,CUSH, 2.69,,  0,AZ293-4,VG,  ,HK-March2019,,0,
Y,,,,,,VS,L,,ISRAEL,0.0,0.0,,,0.0,,Y,,,        ,,,,,0.00,,,,GIA,,,,,    , 0.0,,     ,3000,PS, 2.47,,  0,AZ299-11,,  ,HK-March2019,,0,
Y,,,,1182697567,1182697567.pdf,SI1,Fancy,Clouds; pinpoints; patches of color and surface gr  Fancy Dark Brown-Greenish Yellow; Natural Eve K.T.S:Crystal; Etch Channel; Feather; Needle; Natu,ISRAEL,0.0,0.0,VSM,,60.3,https://segoma.com/v.aspx?type=view&id=RB8ERTMMCQ,Y,,,        ,,,,NON,0.00,Faceted,VTK,MED,GIA,9.68 x  7.61 x  4.59,,,,    , 0.0,VG,     ,3000,OV, 2.53,,  0,AZ299-14,F,52,HK-March2019,,0,
Y,,,,2185966877,2185966877.pdf,I2,,Fancy Brownish Yellow; Natural Even K.T.S:Feather; Cavity; Indented Natural; Extra Fac,ISRAEL,0.0,0.0,NON,,38.0,https://segoma.com/v.aspx?type=view&id=BCX6LXKCIX,Y,,,YELLOW  ,FANCY,BROWNISH,,NON,0.00,Faceted,THK,THN,GIA,10.15 x  7.96 x  3.03,,,,    , 0.0,G,     ,2000,ROSE, 2.00,,  0,AZ299-18A,G,62,HK-March2019,,0,
Y,,,,2131554883,2131554883.pdf,SI2,,Fancy Yellow,ISRAEL,0.0,0.0,Very Small,,63.3,https://segoma.com/v.aspx?type=view&id=P4T2XIE2M2,Y,,,YELLOW  ,FANCY,,,FAINT,0.00,,Extremely Thick,Very Thick,GIA,8.59 x  6.68 x  4.23,,,,    , 0.0,VG,     ,4500,OV, 2.01,,  0,AZ299-33,G,61,HK-March2019,,0,
Y,,,,5191284722,5191284722.pdf,VS2,,Fancy Intense Yellow; Natural Even K.T.S:Feather; Cloud; Needle; Extra Facet,ISRAEL,0.0,0.0,NON,,68.2,https://segoma.com/v.aspx?type=view&id=QV258FYXJ2,Y,,,YELLOW  ,INTENSE,,,NON,0.00,,ETK,ETN,GIA,8.18 x  7.26 x  4.95,,,,    , 0.0,EX,     ,8300,RAD, 2.75,,  0,AZ299-46,G,65,HK-March2019,,0,
Y,,,,1305447691,1305447691.pdf,VS2,,Fancy Intense Yellow; Natural Even K.T.S:Feather; Indented Natural; Natural; Extra Fa,ISRAEL,0.0,0.0,NON,,68.2,,Y,,,YELLOW  ,INTENSE,,,NON,0.00,,VTK,THK,GIA,7.55 x  6.35 x  4.33,,AZ299-57,,    , 0.0,EX,     ,8500,RAD, 2.01,,  0,AZ299-56,G,63,,,0,
Y,,,,6302964700,6302964700.pdf,VS2,,Additional clouds are not shown. Pinpoints are not  Fancy Intense Yellow; Natural Even K.T.S:Crystal; Cloud; Needle; Natural; Extra Facet,ISRAEL,0.0,0.0,NON,,69.0,,Y,,,Yellow  ,Fancy Intense,,,NON,0.00,,ETK,THK,GIA,7.57 x  6.27 x  4.33,,AZ299-56,,    , 0.0,EX,     ,8500,RAD, 2.04,,  0,AZ299-57,VG,62,,,0,
Y,,,,5182915460,5182915460.pdf,SI1,,Clouds; pinpoints; internal graining and surface g  Fancy Deep Brownish Greenish Yellow; Natural K.T.S:Crystal; Cavity; Feather; Needle; Indented N,ISRAEL,0.0,0.0,NON,,67.8,,Y,,,YELLOW  ,DEEP,BROWNISH,,NON,0.00,Faceted,,ETK,GIA,6.82 x  6.78 x  4.60,WeChat ID - GuyZamir,AZ299-85,,    , 0.0,EX,     ,3300,CUSH, 2.01,,  0,AZ299-66,VG,58,HK-March2019,,0,
Y,,,,2195408693,2195408693.pdf,VS2,,Additional clouds are not shown.  Fancy Intense Yellow; Natural Even K.T.S:Crystal; Feather; Needle; Cloud; Indented Na,ISRAEL,0.0,0.0,NON,,65.3,https://segoma.com/v.aspx?type=view&id=OFL2A1HGJ0,Y,,,YELLOW  ,INTENSE,,,NON,0.00,Faceted,ETK,THK,GIA,7.14 x  7.14 x  4.67,,,,    , 0.0,EX,     ,7100,CUSH, 2.09,,  0,AZ299-78,G,67,HK-March2019,,0,
Y,,,,6183915437,6183915437.pdf,SI1,,Clouds are not shown. Pinpoints are not shown.  Fancy Deep Brownish Greenish Yellow; Natural K.T.S:Crystal; Feather; Indented Natural; Needle;,ISRAEL,0.0,0.0,NON,,67.3,,Y,,,YELLOW  ,DEEP,GREENISH,,NON,0.00,Faceted,,ETK,GIA,6.78 x  6.66 x  4.48,WeChat ID - GuyZamir,AZ299-66,,    , 0.0,EX,     ,3300,CUSH, 2.01,,  0,AZ299-85,G,57,HK-March2019,,0,
Y,,,,2121799084,2121799084.pdf,VVS2,D,K.T.S:Pinpoint,ISRAEL,36.0,15.0,NON,VG,62.3,https://segoma.com/v.php?type=inner&id=QWXX046TDD,Y,,,        ,,,,NON,0.00,Faceted,STK,MED,GIA,9.22 x  9.17 x  5.73,,,,41.4,44.0,EX,-0.48,25480,RBC, 3.01,, 50,AZ301-4,G,59,,,0,
Y,,,,2247792050,2247792050.pdf,VS2,D,Internal graining is not shown.   K.T.S:Feather; Etch Channel; Cavity; Indented Natu,ISRAEL,0.0,0.0,NON,,60.7,https://segoma.com/v.aspx?type=view&id=BJPZU5P4AS,Y,,,        ,,,,NON,0.00,Faceted,THK,THN,GIA,13.99 x  7.86 x  4.77,,,,    , 0.0,EX,-0.43,14250,MQ, 3.00,,  0,AZ303-15,G,56,HK-March2019,,0,
Y,,,,1126957377,1126957377.pdf,VS1,E,K.T.S:Indented Natural; Cloud; Pinpoint; Natural;,ISRAEL,35.0,15.0,NON,VG,62.6,https://segoma.com/v.php?type=inner&id=DBJTR9C922,Y,,,        ,,,,NON,0.00,Faceted,THK,VTN,GIA,9.21 x  9.11 x  5.74,,,,40.8,43.0,VG,-0.48,18720,RBC, 3.01,, 50,AZ312-9,G,58,,,0,
Y,,,,6302667134,6302667134.pdf,VS2,F,Additional clouds; pinpoints; internal graining an   K.T.S:Crystal; Cloud; Feather; Needle,ISRAEL,0.0,0.0,NON,,67.5,https://segoma.com/v.aspx?type=view&id=LGMOLCK9S4,Y,,,        ,,,,NON,0.00,,THK,STK,GIA,9.51 x  7.06 x  4.77,,,,    , 0.0,EX,-0.38,13020,EM, 3.02,,  0,AZ323-15,EX,61,HK-March2019,,0,
Y,,,,6312422234,6312422234.pdf,SI1,H,Clouds are not shown. Pinpoints are not shown.   K.T.S:Feather; Crystal; Cavity; Needle; Knot,ISRAEL,0.0,0.0,NON,,53.5,https://segoma.com/v.aspx?type=view&id=WB4ROAEZVO,Y,,,        ,,,,NON,0.00,Faceted,ETK,STK,GIA,12.54 x  8.51 x  4.56,,,,    , 0.0,VG,-0.30,8400,PS, 3.00,,  0,AZ344-15,VG,59,HK-March2019,,0,
Y,,,,2195483267,2195483267.pdf,IF,I,Minor details of polish are not shown.   K.T.S:,HONG KONG,0.0,0.0,VSM,,63.6,https://segoma.com/v.aspx?type=view&id=DQ1UO8C9EN,Y,,,        ,,,Blue,VST,0.00,Faceted,ETK,MED,GIA,12.44 x  8.09 x  5.15,,,,    , 0.0,VG,-0.45,9350,PS, 3.12,,  0,AZ350-15,G,56,HK-March2019,,0,
Y,,,,2151819691,2151819691.pdf,VVS2,J,Additional pinpoints are not shown.   K.T.S:Pinpoint; Indented Natural; Natural,ISRAEL,35.0,13.5,NON,G,62.2,https://segoma.com/v.aspx?type=view&id=0LTJEQRQWW,Y,,,        ,,,,NON,0.00,Faceted,VTK,THN,GIA,9.15 x  9.08 x  5.67,,,,41.0,43.5,VG,-0.42,8410,RBC, 3.01,, 55,AZ361-11,G,62,HK-March2019,,0,
Y,,,,2287421372,2287421372.pdf,SI1,L,Pinpoints are not shown.   K.T.S:Crystal; Needle,ISRAEL,36.0,15.0,NON,EX,62.6,https://segoma.com/v.aspx?type=view&id=PG4PF9HXP9,Y,,,        ,,,,NON,0.00,Faceted,STK,MED,GIA,9.39 x  9.34 x  5.86,,,,41.0,43.5,EX,-0.32,5440,RBC, 3.22,, 50,AZ374-15,EX,59,HK-March2019,,0,
Y,,,,2185278090,,,,,ISRAEL,0.0,0.0,,,0.0,https://segoma.com/v.php?type=inner&id=4UQP3HYM44,Y,,,BROWN   ,DEEP,ORANGE,,,0.00,,,,GIA,8.26 x  7.52 x  5.90,,,,    , 0.0,,     ,2000,, 3.04,,  0,AZ399-10,,  ,HK-March2019,,0,
Y,,,,2185776311,2185776311.pdf,SI2,,Pinpoints are not shown. An inscription is present  Fancy Intense Yellow; Natural Even K.T.S:Crystal; Indented Natural,ISRAEL,0.0,0.0,NON,,70.3,https://segoma.com/v.php?type=inner&id=1HTJJXBEXX,Y,,,YELLOW  ,INTENSE,,,NON,0.00,Faceted,ETK,THK,GIA,8.12 x  7.54 x  5.30,,,,    , 0.0,EX,     ,7400,CUSH, 3.01,,  0,AZ399-12,VG,59,HK-March2019,,0,
Y,,,,6292052382,6292052382.pdf,VS2,S-T,K.T.S:Crystal; Cloud; Feather; Pinpoint,ISRAEL,0.0,0.0,NON,,69.1,AZ399-24.JPG,Y,,,        ,,,,FNT,0.00,Faceted,,VTK,GIA,8.81 x  7.48 x  5.17,,,,    , 0.0,EX,     ,3500,CUSH, 3.11,,  0,AZ399-24,VG,63,HK-March2019,,0,
Y,,,,345846534,,VS2,H,,ISRAEL,0.0,0.0,,,0.0,,Y,,,        ,,,,SLIGHT,0.00,,,,IGI,10.06 x  8.77 x  6.57,,,,    , 0.0,G,     ,9450,OLDC, 4.31,,  0,AZ443-01,G,55,HK-March2019,,0,
Y,,,,2286632824,2286632824.pdf,VVS1,S-T,Surface graining is not shown.   K.T.S:Indented Natural; Feather; Cavity; Natural;,ISRAEL,0.0,0.0,NON,,69.9,,Y,,,        ,,,,FNT,0.00,,ETK,VTK,GIA,8.69 x  8.28 x  5.79,,,,    , 0.0,EX,     ,3800,RAD, 4.03,,  0,AZ499-87,VG,58,HK-March2019,,0,
Y,,,,1152079405,1152079405.pdf,IF,E,Minor details of polish are not shown.   K.T.S:,ISRAEL,0.0,0.0,NON,,47.1,https://segoma.com/v.aspx?type=view&id=3OF3ESIG6P,Y,,,        ,,,,NON,0.00,Faceted,VTK,STK,GIA,11.89 x 12.11 x  5.70,,,,    , 0.0,EX,-0.45,36300,HS, 5.04,,  0,AZ510-11,VG,60,HK-March2019,,0,
Y,,,,10019494001,,SI1,H,,ISRAEL,0.0,0.0,POINTED,VG,62.1,https://up.diacam360.com/scan/fd97_52787,Y,,,        ,,,,SLIGHT,0.00,Faceted,,MED;,HRD,10.87 x 10.97 x  6.78,,,,    , 0.0,EX,-0.50,12000,RBC, 5.04,,  0,AZ555-1,EX,59,HK-March2019,,0,
Y,,,,D90505249IL,,VS1,J,,ISRAEL,0.0,0.0,,,66.6,,Y,,,        ,,,,FAINT,0.00,,,,IGL,9.40 x  9.42 x  6.26,,,,    , 0.0,VG,-0.70,5100,ASH, 5.01,,  0,AZ572-11,VG,65,,,0,
Y,,,,5202229587,5202229587.pdf,SI1,N,K.T.S:Feather; Cavity; Pinpoint; Natural,ISRAEL,0.0,0.0,NON,,67.0,,Y,,,        ,,,,NON,0.00,,THK,THN,GIA,11.85 x  8.28 x  5.55,,,,    , 0.0,G,     ,5000,EM, 5.01,,  0,AZ577-01,G,75,,,0,
Y,,,,2185462956,2185462956.pdf,VS2,,Fancy Yellow; Natural Even K.T.S:Feather; Indented Natural; Cavity; Natural;,ISRAEL,0.0,0.0,NON,,69.9,https://segoma.com/v.aspx?type=view&id=UKI7G536DR,Y,,,YELLOW  ,FANCY,,,NON,0.00,Faceted,ETK,VTK,GIA,9.60 x  8.79 x  6.14,,,,    , 0.0,VG,     ,7500,CUSH, 5.03,,  0,AZ599-01,G,67,HK-March2019,,0,
Y,,,,F4E81046,,,YTREA,,ISRAEL,0.0,0.0,,,0.0,,Y,,,        ,,,,STRONG,0.00,,,,IGI,5.64 x  5.51 x  4.05,,,,    , 0.0,,     ,1600,PR, 1.00,,  0,AZBR-PR12,,  ,,,0,
Y,,,,2151225661,2151225661.pdf,VS2,D,,ISRAEL,0.0,0.0,NON,,51.1,https://segoma.com/v.aspx?type=view&id=OWH0XBCQUC,Y,,,        ,,,,NON,0.00,Faceted,ETK,THN,GIA,6.11 x  6.78 x  3.47,,,,    , 0.0,VG,-0.30,4060,HS, 0.92,,  0,AZHD-003-11,VG,57,,,0,
Y,,,,2165641037,2165641037.pdf,I1,,Pinpoints are not shown.  Fancy Brownish Yellow; Natural Even K.T.S:Feather; Crystal; Cavity; Needle; Indented N,ISRAEL,0.0,0.0,NON,,62.3,https://segoma.com/v.aspx?type=view&id=WVH3507BJJ,Y,,,YELLOW  ,FANCY,BROWNISH,Blue,MED,0.00,Faceted,VTK,THN,GIA,13.13 x 11.86 x  7.39,,,,    , 0.0,VG,     ,6000,CUSH, 9.05,,  0,AZHD-1011,G,61,HK-March2019,,0,
Y,,,,2145470604,2145470604.pdf,VVS1,E,K.T.S:Pinpoint; Feather; Natural,ISRAEL,35.5,14.5,NON,EX,62.2,https://segoma.com/v.php?type=inner&id=7TU57X50QQ,Y,,,        ,,,,NON,0.00,Faceted,STK,MED,GIA,6.82 x  6.79 x  4.23,,,,41.2,43.5,EX,-0.25,10350,RBC, 1.21,, 50,AZHD-110-16,EX,59,,,0,
Y,,,,5276760708,5276760708.pdf,VS1,F,Additional clouds; pinpoints and internal graining   K.T.S:Cloud,BELGIUM,0.0,0.0,NON,,59.7,,Y,,,        ,,,,NON,0.00,Faceted,THK,STK,GIA,6.00 x  6.74 x  4.02,,,,    , 0.0,VG,-0.40,4200,HS, 1.01,,  0,AZMK-122,VG,58,,,0,
Y,,,,2155581950,2155581950.pdf,VS1,,Fancy Yellow; Natural Even K.T.S:Needle; Feather; Cloud; Pinpoint; Natural,ISRAEL,0.0,0.0,NON,,67.2,https://segoma.com/v.php?type=inner&id=3UMCQN5UXX,Y,,,YELLOW  ,FANCY,,,NON,0.00,Faceted,ETK,VTK,GIA,10.92 x 10.47 x  7.03,,,,    , 0.0,VG,     ,11000,CUSH, 7.56,,  0,AZMK-799,VG,71,HK-March2019,,0,
Y,,,,,,SI1,F,,ISRAEL,0.0,0.0,,,0.0,,Y,,,        ,,,,,0.00,,,,,,,,15,    , 0.0,,     ,158,PR, 2.69,,  0,AZPR-3.0MM,,  ,HK-March2019,,0,
Y,,,,,,SI1,F,,ISRAEL,0.0,0.0,,,0.0,,Y,,,        ,,,,,0.00,,,,,,,,31,    , 0.0,,     ,158,PR, 6.79,,  0,AZPR-3.3MM,,  ,HK-March2019,,0,
Y,,,,,,SI1,F,,ISRAEL,0.0,0.0,,,0.0,,Y,,,        ,,,,,0.00,,,,,,,,8,    , 0.0,,     ,60,PR, 2.14,,  0,AZPR-3.6MM,,  ,HK-March2019,,0,
Y,,,,,,SI1,F,,ISRAEL,0.0,0.0,,,0.0,,Y,,,        ,,,,,0.00,,,,,,,,27,    , 0.0,,     ,158,PR, 8.18,,  0,AZPR-3.8MM,,  ,HK-March2019,,0,
Y,,,,,,VSSI,J,,ISRAEL,0.0,0.0,,,0.0,,Y,,,        ,,,,,0.00,,,,,,,,,    , 0.0,,     ,614,RBC, 7.86,,  0,AZRD-0107B,,  ,HK-March2019,,0,
Y,,,,,,SI1,F,,ISRAEL,0.0,0.0,,,0.0,,Y,,,        ,,,,,0.00,,,,,,,,,    , 0.0,,     ,1321,RBC, 6.39,,  0,AZRD-020AG3,,  ,HK-March2019,,0,
Y,,,,,,SI1,D,,ISRAEL,0.0,0.0,,,0.0,,Y,,,        ,,,,,0.00,,,,,,,,,    , 0.0,,     ,1103,RBC, 2.51,,  0,AZRD-020AG4,,  ,HK-March2019,,0,
Y,,,,5192351327,5192351327.pdf,I1,H,Clouds; pinpoints and surface graining are not sho   K.T.S:Feather; Crystal; Knot; Cavity; Needle,ISRAEL,36.0,15.5,NON,EX,62.3,,Y,,,        ,,,,NON,0.00,Faceted,STK,MED,GIA,8.08 x  7.99 x  5.01,,,,40.8,43.0,EX,-0.15,4845,RBC, 2.02,, 50,AZYA-42,VG,58,,,0,
Y,,,,180000092899,,SI2,H,,ISRAEL,0.0,0.0,,EX,61.5,,Y,,,        ,,,,NIL,0.00,,,,HRD,10.26 x 10.32 x  6.33,,,,    , 0.0,EX,-0.48,8320,RBC, 4.07,,  0,AZYA-45,EX,58,HK-March2019,,0,
Y,,,,314888797,,SI1,G,,ISRAEL,0.0,0.0,,,65.6,,Y,,,        ,,,,VERY SLIGHT,0.00,,,,IGI,13.65 x  8.74 x  5.73,,,,    , 0.0,EX,-0.40,10500,PS, 4.02,,  0,AZYA-48,VG,55,HK-March2019,,0,
Y,,,,345844789,,SI2,H,,ISRAEL,0.0,0.0,,EX,62.2,https://segoma.com/v.aspx?type=view&id=VSNS2571SE,Y,,,        ,,,,NONE,0.00,,,,IGI,9.75 x  9.79 x  6.08,,,,    , 0.0,EX,-0.43,7410,RBC, 3.58,,  0,AZYA-50,EX,59,HK-March2019,,0,
Y,,,,350223205,,SI2,F,,ISRAEL,0.0,0.0,,VG,63.6,,Y,,,        ,,,,NONE,0.00,,,,IGI,6.27 x  6.32 x  4.01,,,,    , 0.0,EX,-0.48,3328,RBC, 1.01,,  0,AZYA-52,EX,58,,,0,
Y,,,,1313695539,1313695539.pdf,SI2,E,Additional clouds are not shown. Pinpoints are not   K.T.S:Feather; Crystal; Cloud; Cavity; Needle,ISRAEL,34.0,14.5,NON,EX,62.8,https://segoma.com/v.aspx?type=view&id=SNAJPW7BIO,Y,,,        ,,,,NON,0.00,Faceted,STK,MED,GIA,7.34 x  7.29 x  4.59,,,,41.6,44.5,EX,-0.23,6545,RBC, 1.51,, 50,AZYA-55,EX,57,HK-March2019,,0,
Y,,,,6325138671,6325138671.pdf,SI2,F,Additional clouds are not shown. Pinpoints are not   K.T.S:Feather; Cloud; Crystal; Cavity; Needle,ISRAEL,0.0,0.0,NON,,71.1,https://segoma.com/v.aspx?type=view&id=3D4COZHMEV,Y,,,        ,,,,NON,0.00,,THK,MED,GIA,8.15 x  7.97 x  5.66,,,,    , 0.0,EX,-0.35,7735,PR, 3.01,,  0,AZYA-60,VG,68,,,0,
Y,,,,190000019082,,SI2,G,,ISRAEL,0.0,0.0,,VG,64.0,,Y,,,        ,,,,,0.00,,,,HRD,9.47 x  9.59 x  6.11,,,,    , 0.0,EX,-0.45,7700,RBC, 3.55,,  0,AZYA-61,EX,55,,,0,
Y,,,,190000031019,190000031019.pdf,si1,G,,ISRAEL,0.0,13.0,pointed,,67.9,,Y,,,        ,,,,medium,5.50,Faceted,,thick,HRD,7.69 x  6.64 x  4.51,,,,    , 0.0,Exc,-0.55,4725,CUSH, 2.02,,  0,AZYA-62,Exc,65,,,0,
Y,,,,1327574305,1327574305.pdf,SI2,F,Additional twinning wisps; clouds; pinpoints and s   K.T.S:Twinning Wisp; Feather; Crystal; Knot; Inden,ISRAEL,0.0,0.0,NON,,66.3,,Y,,,        ,,,,NON,0.00,Faceted,VTK,THK,GIA,10.54 x  6.84 x  4.54,,,,    , 0.0,EX,-0.37,5544,PS, 2.00,,  0,AZYA-64,VG,53,,,0,
Y,,,,2327698086,,SI2,G,,ISRAEL,0.0,0.0,,VG,63.4,,Y,,,        ,,,,NONE,0.00,,,,GIA,7.91 x  7.96 x  5.03,,,,    , 0.0,EX,-0.42,5800,RBC, 2.01,,  0,AZYA-67,VG,56,,,0,
Y,,,,,,VS1,M,,ISRAEL,0.0,0.0,,,0.0,,Y,,,        ,,,,,0.00,,,,,,,,,    , 0.0,,     ,4500,RBC, 3.65,,  0,AZYY-10,,  ,,,0,
Y,,,,,,,,,ISRAEL,0.0,0.0,,,0.0,,Y,,,        ,,,,,0.00,,,,,,,,9,    , 0.0,,     ,45000,, 1.35,,  0,JEW-PEN,,  ,HK-March2019,,0,
Y,,,,7266674685,7266674685.pdf,VS2,D,K.T.S:Indented Natural; Cavity; Feather; Natural;,ISRAEL,0.0,0.0,NON,,61.2,https://segoma.com/v.aspx?type=view&id=4QMQKAFCAI,Y,,,        ,,,,NON,0.00,Faceted,ETK,MED,GIA,12.34 x  7.59 x  4.64,,SH-114,,    , 0.0,VG,-0.49,12750,PS, 3.01,,  0,SH-135,G,52,HK-March2019,,0,
Y,,,,1186150804,1186150804.pdf,VVS2,E,Additional pinpoints are not shown. Surface graini   K.T.S:Pinpoint; Indented Natural,ISRAEL,0.0,0.0,NON,,67.6,https://segoma.com/v.aspx?type=view&id=NNXEN5QM3I,Y,,,        ,,,,NON,0.00,,VTK,THK,GIA,5.60 x  5.52 x  3.73,WeChat ID - GuyZamir,AZ102-18,,    , 0.0,EX,-0.40,5040,PR, 1.02,,  0,SH-148,VG,67,HK-March2019,,0,
Y,,,,5182986578,5182986578.pdf,SI1,H,Additional clouds are not shown. Pinpoints are not   K.T.S:Cloud; Feather; Crystal; Indented Natural; N,ISRAEL,0.0,0.0,NON,,68.8,,Y,,,        ,,,,NON,0.00,,,STK,GIA,7.52 x  6.01 x  4.14,,,,    , 0.0,EX,-0.36,4480,RAD, 1.90,,  0,SH-158,G,67,HK-March2019,,0,
Y,,,,5192454202,5192454202.pdf,SI2,G,Clouds are not shown. Pinpoints are not shown.   K.T.S:Laser Drill Hole; Feather; Crystal; Needle;,ISRAEL,0.0,0.0,NON,,58.6,https://segoma.com/v.aspx?type=view&id=TB5HVCZJTO,Y,,,        ,,,,NON,0.00,Faceted,THK,THN,GIA,11.92 x  7.51 x  4.40,,,,    , 0.0,VG,-0.25,6375,OV, 2.61,,  0,SH-168,G,60,,,0,
Y,,,,7293467547,7293467547.pdf,SI1,K,Clouds are not shown. Pinpoints are not shown.   K.T.S:Crystal; Feather; Needle,ISRAEL,0.0,0.0,NON,,69.6,,Y,,,        ,,,,NON,0.00,,,STK,GIA,7.53 x  7.40 x  5.14,,SH-173,,    , 0.0,EX,-0.30,3710,ASH, 2.54,,  0,SH-171,EX,61,HK-March2019,,0,
Y,,,,5181554414,5181554414.pdf,SI1,F,Additional clouds; internal graining and surface g   K.T.S:Feather; Cavity; Crystal; Indented Natural;,ISRAEL,0.0,0.0,NON,,60.6,https://segoma.com/v.aspx?type=view&id=RP3M72ATL8,Y,,,        ,,,,FNT,0.00,Faceted,ETK,STK,GIA,12.38 x  7.16 x  4.34,,,,    , 0.0,VG,-0.40,9600,OV, 3.01,,  0,SH-174,G,60,HK-March2019,,0,
Y,,,,6167846029,6167846029.pdf,SI2,F,Clouds are not shown.   K.T.S:Feather; Etch Channel; Crystal; Extra Facet,ISRAEL,0.0,0.0,NON,,56.9,https://segoma.com/ClientsView_new.htm,Y,,,        ,,,,NON,0.00,Faceted,VTK,THN,GIA,9.41 x  6.06 x  3.45,,,,    , 0.0,VG,-0.33,3417,PS, 1.13,,  0,SH-175,G,56,HK-March2019,,0,
Y,,,,2314351780,2314351780.pdf,VS2,F,K.T.S:Feather; Crystal; Indented Natural; Needle;,ISRAEL,0.0,0.0,NON,,61.0,https://segoma.com/v.aspx?type=view&id=H1OXVRTUJQ,Y,,,        ,,,,NON,0.00,Faceted,ETK,MED,GIA,12.06 x  7.97 x  4.86,,,,    , 0.0,EX,-0.35,13650,PS, 3.01,,  0,SH-190,G,54,HK-March2019,,0,
Y,,,,5201064193,5201064193.pdf,SI1,K,K.T.S:Feather,ISRAEL,32.0,10.5,NON,VG,58.8,,Y,,,        ,,,,NON,0.00,Faceted,STK,MED,GIA,10.45 x 10.42 x  6.13,,,,42.0,45.0,EX,-0.35,7475,RBC, 4.03,, 55,SH-204,EX,66,,,0,
Y,,,,6321501446,6321501446.pdf,VS2,D,K.T.S:Crystal; Feather; Pinpoint; Indented Natural,ISRAEL,0.0,0.0,NON,,53.1,,Y,,,        ,,,,NON,0.00,Faceted,VTK,MED,GIA,11.16 x 11.36 x  6.03,,,,    , 0.0,VG,-0.30,25200,HS, 4.51,,  0,SHRD-06,VG,58,,,0,
Y,,,,5201019694,5201019694.pdf,SI2,G,Additional twinning wisps; pinpoints and surface g   K.T.S:Crystal; Twinning Wisp; Feather; Cavity; Nat,ISRAEL,0.0,0.0,NON,,55.2,,Y,,,        ,,,,NON,0.00,Faceted,ETK,MED,GIA,16.23 x  9.35 x  5.16,,,,    , 0.0,VG,-0.33,11390,PS, 5.03,,  0,SHRD-07,G,52,,,0,
Y,,,,,,,,,ISRAEL,0.0,0.0,,,0.0,,Y,,,        ,,,,,0.00,,,,,,,,21,    , 0.0,,     ,1500,, 7.61,,  0,YBR-15,,  ,HK-March2019,,0,
Y,,,,1162749995,1162749995.pdf,VVS2,W-X,,ISRAEL,33.5,12.5,VSM,VG,57.7,https://segoma.com/v.php?type=inner&id=YG07UOXWTT,Y,,,        ,,,,NON,0.00,Polished,MED,VTN,GIA,5.47 x  5.43 x  3.15,,,,40.8,43.0,VG,     ,1000,RBC, 0.56,, 55,YDD-1,G,62,,,0,
Y,,,,2304544326,2304544326.pdf,SI2,E,Additional clouds; pinpoints and manufacturing rem   K.T.S:Crystal; Feather; Cavity; Cloud; Indented Na,ISRAEL,0.0,0.0,NON,,67.0,https://segoma.com/v.aspx?type=view&id=RRY5COOLQQ,Y,,,        ,,,,NON,0.00,,VTK,MED,GIA,7.36 x  6.84 x  4.58,,,,    , 0.0,VG,-0.31,4761,RAD, 1.90,,  0,YKF-01,G,64,,,0,
Y,,,,15837742,15837742.pdf,IF,D,Minor details of polish are not shown.   K.T.S:Extra Facet,ISRAEL,0.0,0.0,NON,,43.8,,Y,,,        ,,,,NON,0.00,Faceted,VTK,ETN,GIA,7.33 x  7.94 x  3.48,,,,    , 0.0,G,-0.55,6525,HS, 1.17,,  0,YROZ-04,G,66,,,0,
Y,,,,2111477169,,IF,D,Surface graining is not shown.   K.T.S:,ISRAEL,35.5,15.0,NON,EX,62.3,,Y,,,        ,,,,NON,0.00,Faceted,STK,MED,GIA,6.72 x  6.69 x  4.18,,,,41.0,43.5,EX,-0.40,11880,RBC, 1.17,, 50,YROZ-05,EX,58,,,0,
Y,,,,14837865,14837865.pdf,IF,D,Surface graining is not shown.Minor details of pol   K.T.S:,ISRAEL,33.5,16.0,NON,VG,60.7,,Y,,,        ,,,,NON,0.00,Faceted,STK,MED,GIA,7.46 x  7.41 x  4.51,,,,40.4,42.5,EX,-0.49,13260,RBC, 1.50,, 50,YROZ-06,EX,52,,,0,
Y,,,,6117459933,6117459933.pdf,IF,D,Minor details of polish are not shown.   K.T.S:,ISRAEL,34.5,15.0,NON,VG,62.8,,Y,,,        ,,,,NON,0.00,Faceted,STK,THN,GIA,7.73 x  7.68 x  4.84,,,,41.8,44.5,EX,-0.45,14300,RBC, 1.74,, 55,YROZ-07,VG,56,,,0,
Y,,,,6157908393,6157908393.pdf,SI2,,Clouds; pinpoints and surface graining are not sho  Fancy Intense Yellow; Natural Even K.T.S:Feather; Crystal; Etch Channel; Needle; Inde,ISRAEL,0.0,0.0,NON,,71.9,,Y,,,YELLOW  ,INTENSE,,Blue,MED,0.00,Faceted,ETK,STK,GIA,7.80 x  6.37 x  4.58,,,,    , 0.0,VG,     ,6000,CUSH, 2.03,,  0,YROZ-55,G,59,HK-March2019,,0,
Y,,,,,,VVS2,,,ISRAEL,0.0,0.0,,,0.0,,Y,,,PINK    ,,,,,0.00,,,,,,,,,    , 0.0,,     ,14000,RBC, 2.23,,  0,YROZ-70,,  ,HK-March2019,,0,
Y,,,,2181596127,2181596127.pdf,IF,,Minor details of polish are not shown. * This diam  Fancy Vivid Pink; Treated  Even K.T.S:Extra Facet,ISRAEL,0.0,0.0,NON,,67.7,,Y,,,Pink    ,Fancy Vivid,,Orange,MED,0.00,Faceted,ETK,MED,GIA,13.85 x  8.90 x  6.03,,,,    , 0.0,VG,     ,18000,PS, 4.75,,  0,YROZ-99,G,56,HK-March2019,,0,
Y,,,,,,,K,,ISRAEL,0.0,0.0,,,0.0,,Y,,,        ,,,,,0.00,,,,,,,,41,    , 0.0,,     ,1583,PS,25.45,,  0,YSEL-1,,  ,HK-March2019,,0,
Y,,,,6173868833,6173868833.pdf,SI1,G,Additional twinning wisps; pinpoints and surface g   K.T.S:,ISRAEL,0.0,0.0,MED,,71.4,https://segoma.com/v.php?type=inner&id=CXPTUJRZJJ,Y,,,        ,,,,NON,0.00,Faceted,ETK,VTK,GIA,6.93 x  6.25 x  4.46,,,,    , 0.0,G,-0.45,3135,HS, 1.31,,  0,YSEL-3,G,60,,,0,
Y,,,,2171868887,2171868887.pdf,VS2,J,Pinpoints are not shown.,ISRAEL,0.0,0.0,MED,,74.0,https://segoma.com/v.php?type=inner&id=MXA9J8W288,Y,,,        ,,,,NON,0.00,Faceted,ETK,VTK,GIA,7.36 x  5.09 x  3.77,,,,    , 0.0,VG,-0.60,1560,PS, 1.01,,  0,YSEL-4,G,48,HK-March2019,,0,
Y,,,,7311386254,7311386254.pdf,SI2,J,K.T.S:Crystal; Feather,ISRAEL,0.0,0.0,NON,,89.4,,Y,,,        ,,,,NON,0.00,,ETK,ETN,GIA,5.41 x  4.79 x  4.28,,,,    , 0.0,G,-0.50,1450,PR, 0.94,,  0,YSEL-56,F,68,,,0,
Y,,,,2360182426,,SI3,G,,ISRAEL,0.0,0.0,,,56.6,,Y,,,        ,,,,DISTINCT,0.00,,,,EGL Israel,7.26 x  6.24 x  3.53,,,,    , 0.0,VG,-0.60,1280,HS, 0.97,,  0,YSEL-ZD168,F,57,,,0,
Y,,,,7271627090,7271627090.pdf,VS1,E,Pinpoints are not shown.   K.T.S:Crystal; Cavity; Needle; Indented Natural; N,ISRAEL,0.0,0.0,NON,,51.7,https://segoma.com/v.aspx?type=view&id=0ZGVN4J3ZZ,Y,,,        ,,,,NON,0.00,Faceted,STK,VTN,GIA,6.50 x  7.69 x  3.97,,,,    , 0.0,VG,-0.45,4125,HS, 1.00,,  0,YSELD-01,G,65,,,0,
Y,,,,6315386139,6315386139.pdf,VVS2,G,K.T.S:Pinpoint; Feather; Cavity,ISRAEL,0.0,0.0,NON,,66.0,https://segoma.com/v.aspx?type=view&id=QS248LIBLM,Y,,,        ,,,,NON,0.00,,STK,THN,GIA,6.73 x  4.16 x  2.74,,,,    , 0.0,VG,-0.40,2520,EM, 0.74,,  0,YSELD-02,VG,66,,,0,
