Stock #,Shape,Size,Color,Clarity,Cut Grade,Polish,Symmetry,Cash Price,Cash Discount %,Certificate #,Certificate Filename,Cert Comment,Country,Crown Angle,Crown Height,Culet Size,,Depth %,Diamond Image,Display Cert Number,Eye Clean,Sarine Name,Fancy Color,Fancy Color Intensity,Fancy Color Overtone,Fluorescence Color,Fluorescence Intensity,Girdle %,Girdle Condition,Girdle Thick,Girdle Thin,Lab,Measurements,Member Comments,Pair Stock #,Parcel Stones,Pavilion Angle,Pavilion Depth,RapNet Discount %,RapNet Price,Shape,State,Star Length,Table %,Trade Show,BGM,Full List Price,Second Site,,,,,,
3410,    ,0,D,SI2, Inde,,PS,,,1323138625,1323138625.pdf,Clouds are not shown. Pinpoints are not shown.   K.T.S:Crystal, Feather, Cavity, Knot, Needle,,ISRAEL,0,0,NON,,62.9,,Y,,,        ,,,,NON,0,Faceted,VTK,STK,GIA,8.89 x  5.45 x  3.43,,,    ,EX,-0.38,1,,0,AG114-03,VG,55,,,0,,
AG116-06A,RBC,1.01,F,SI2,VG,EX,VG,,,364907669,,,ISRAEL,0,0,,,59.7,,Y,,,        ,,,,NONE,0,,,,IGI,6.38 x  6.45 x  3.84,,,,    ,0,-0.47,3392,RBC,,0,64,,,0,,,,,,,
AG116-06C,RBC,1,G,SI2,VG,VG,VG,,,361907670,,,ISRAEL,0,0,,,63.8,,Y,,,        ,,,,VERY SLIGHT,0,,,,IGI,6.26 x  6.29 x  4.00,,,,    ,0,-0.47,3180,RBC,,0,63,,,0,,,,,,,
AG116-06D,RBC,1,G,SI2,G,VG,VG,,,361907672,,,ISRAEL,0,0,,,59.8,,Y,,,        ,,,,NONE,0,,,,IGI,6.35 x  6.40 x  3.81,,,,    ,0,-0.47,3180,RBC,,0,64,,,0,,,,,,,
AG116-06E,RBC,1.04,E,SI2,VG,VG,VG,,,361907668,,,ISRAEL,0,0,,,61,,Y,,,        ,,,,VERY SLIGHT,0,,,,IGI,6.43 x  6.46 x  3.93,,,,    ,0,-0.47,3551,RBC,,0,63,,,0,,,,,,,
AG238-01,RBC,2.08,E,SI2,EX,EX,EX,,,361964503,,,ISRAEL,0,0,,,63.5,,Y,,,        ,,,,VERY SLIGHT,0,,,,IGI,8.05 x  8.13 x  5.13,,,,    ,0,-0.45,6050,RBC,,0,55,,,0,,,,,,,
5950,41,43.5,I,SI2, Ind,,RBC,,,7306373000,7306373000.pdf,Additional twinning wisps, clouds and surface grai   K.T.S:Twinning Wisp, Feather, Crystal, Needle,,ISRAEL,36,15,NON,EX,62.6,https://segoma.com/v.aspx?type=view&id=T2W171HONB,Y,,,        ,,,,NON,0,Faceted,STK,MED,GIA,8.63 x  8.59 x  5.39,,,41,EX,-0.3,2.5,,55,AG255-04,EX,59,,,0,,
AG347-02,RBC,3.01,,,,,,,,,,,ISRAEL,0,0,,,0,,Y,,,        ,,,,,0,,,,,,,,,    ,0,     ,5000,RBC,,0,  ,,,0,,,,,,,
AG554-01,RBC,5.02,I,SI2,EX,EX,EX,,,337825737,,,ISRAEL,13.5,0,P,,61.1,https://segoma.com/v.aspx?type=view&id=K8RN2LHKA9,Y,,,        ,,,,NONE,0,,,MEDIUM,IGI,10.98 x 11.03 x  6.72,,,,    ,43.5,-0.4,10200,RBC,,0,60,HK-March2019,,0,,,,,,,
,-0.4,1740,D,VVS1,15.5,41.2,55,,,3295057548,3295057548.pdf,K.T.S:Feather, Chip, Natural,ISRAEL,35.5,,NON,VG,62.9,,Y,,,        ,,,,FNT,0,Faceted,STK,MED,GIA,4.37 x  4.34 x  2.74,,,,43.5,EX,-0.4,RBC,0.32,AZ001-48,VG,57,,,0,,,,,
AZ003-17,RBC,0.31,D,VS2,VG,EX,VG,,,2176709793,2176709793.pdf,,ISRAEL,32.5,11.5,NON,,60,https://segoma.com/v.php?type=inner&id=JFVF3ZPEHH,Y,,,        ,,,,STG,0,Faceted,STK,MED,GIA,4.40 x  4.38 x  2.63,,,,42,45,-0.35,1625,RBC,,50,64,,,0,,,,,,,
AZ003-19,RBC,0.4,D,VS2,VG,VG,VG,,,1179522732,1179522732.pdf,,ISRAEL,36.5,15.5,NON,,62.4,https://segoma.com/v.php?type=inner&id=M6053JSLFF,Y,,,        ,,,,MED,0,Faceted,THK,MED,GIA,4.71 x  4.66 x  2.92,,,,40.4,42.5,-0.35,1885,RBC,,50,58,,,0,,,,,,,
AZ003-48,OV,0.8,D,VS2,,VG,G,,,3315419616,3315419616.pdf,K.T.S:Twinning Wisp,ISRAEL,0,0,NON,,63.8,https://segoma.com/v.aspx?type=view&id=WVPJGYNAAX,Y,,,        ,,,,NON,0,Faceted,VTK,THN,GIA,7.04 x  5.18 x  3.30,,,,    ,0,-0.33,3082,OV,,0,58,HK-March2019,,0,,,,,,,
AZ003-9,RBC,0.3,D,VS2,G,EX,VG,,,5176715538,5176715538.pdf,,ISRAEL,31.5,12.5,NON,,58.8,https://segoma.com/v.php?type=inner&id=FDMU6Z6SFF,Y,,,        ,,,,NON,0,Faceted,THK,STK,GIA,4.37 x  4.34 x  2.56,,,,40.2,42,-0.35,1625,RBC,,50,59,,,0,,,,,,,
0,1040,RAD,E,VVS2,,0,AZ011-15,,,3404164628,,,ISRAEL,0,0,,,70.4,,Y,,,        ,,,,NONE,0,Polished,,MED,,EGL Israel,4.15 x  4.29 x  2.92,,,,    ,EX,-0.6,1040,0.4,,EX,66,,,0,,,,,,
55,5390,RBC,D,VVS1,NON,43,AZ012-24,,,6262354062,6262354062.pdf,K.T.S:Pinpoint, Cloud,ISRAEL,32.5,11.5,,G,57.1,https://segoma.com/v.php?type=inner&id=IVP0PNDUCC,Y,,,        ,,,,NON,0,Faceted,MED,THN,GIA,6.16 x  6.14 x  3.51,,,,40.6,VG,-0.23,5390,0.8,,VG,64,,,0,,,,,,
0,1200,PR,E,VS1,,0,AZ012-79,,,3404164527,,,ISRAEL,0,0,,,67.2,,Y,,,        ,,,,NONE,0,Polished,,MED,,EGL Israel,4.24 x  4.79 x  2.85,,,,    ,VG,-0.5,1200,0.47,,VG,83,,,0,,,,,,
,-0.33,1943,F,VVS2,15.5,40.8,50,,,2294053224,2294053224.pdf,K.T.S:Cloud, Feather, Pinpoint,ISRAEL,36.5,,VSM,G,61.1,,Y,,,        ,,,,NON,0,Faceted,MED,THN,GIA,4.86 x  4.83 x  2.96,,,,43,VG,-0.33,RBC,0.42,AZ021-46,F,59,,,0,,,,,
55,1464,RBC,E,VS2,SML,42.5,AZ023-78,,,7296054202,7296054202.pdf,K.T.S:Crystal, Indented Natural,ISRAEL,36,15.5,,F,65.3,,Y,,,        ,,,,FNT,0,Faceted,ETK,THK,GIA,4.14 x  4.10 x  2.69,,,,40.8,VG,-0.39,1464,0.3,,G,57,,,0,,,,,,
,-0.15,4505,G,VVS1,15.5,42,45,,,2161064416,2161064416.pdf,K.T.S:Feather, Chip, Indented Natural,ISRAEL,34.5,,NON,VG,63.5,https://segoma.com/v.aspx?type=view&id=B7MGH36KUI,Y,,,        ,,,,NON,0,Faceted,MED,THN,GIA,5.98 x  5.95 x  3.79,,,,44.5,VG,-0.15,RBC,0.81,AZ030-21,VG,55,,,0,,,,,
0.42,G,-0.35,G,VVS2,38,,,,,6295053761,6295053761.pdf,K.T.S:Needle, Pinpoint, Feather, Indented Natural,ISRAEL,,15,NON,G,63,,Y,,,        ,,,Blue,MED,0,Faceted,STK,THN,GIA,4.75 x  4.70 x  2.98,,,41.2,43.5,G,1820,RBC,55,AZ031-26,G,61,,,0,,,,
AZ032-18,BG,0.5,G,VS1,,EX,EX,,,7288802150,7288802150.pdf,K.T.S:Feather,ISRAEL,0,0,NON,,63.9,,Y,,,        ,,,,NON,0,,STK,MED,GIA,6.97 x  3.31 x  2.11,,AZ043-54,,    ,0,     ,2500,BG,,0,73,HK-March2019,,0,,,,,,,
55,1608,RBC,F,VS1,NON,42.5,AZ032-56,,,2296058425,2296058425.pdf,K.T.S:Feather, Knot,ISRAEL,30.5,12.5,,G,58.3,,Y,,,        ,,,,FNT,0,Faceted,VTK,MED,GIA,4.73 x  4.67 x  2.74,,,,40.2,VG,-0.33,1608,0.37,,G,59,,,0,,,,,,
0,1080,RAD,G,VS1,,0,AZ032-87,,,3404164729,,,ISRAEL,0,0,,,75.4,,Y,,,        ,,,,NONE,0,Polished,,MED,,EGL Israel,4.23 x  4.75 x  3.19,,,,    ,EX,-0.6,1080,0.5,,EX,79,,,0,,,,,,
AZ032-89,RBC,0.41,G,VS1,G,VG,F,,,2298057614,2298057614.pdf,K.T.S:Crystal,ISRAEL,37.5,15.5,NON,,64.6,,Y,,,        ,,,,FNT,0,Faceted,VTK,THN,GIA,4.67 x  4.60 x  2.99,,,,41.6,44,-0.38,1674,RBC,,50,60,,,0,,,,,,,
AZ033-45,BG,1.42,D,SI3,,,,,,,,,ISRAEL,0,0,,,0,,Y,,,        ,,,,,0,,,,,,,,,    ,0,     ,2100,BG,,0,  ,HK-March2019,,0,,,,,,,
50,1474,RBC,G,VS2,NON,44.5,AZ033-87,,,1299053373,1299053373.pdf,K.T.S:Crystal, Feather,ISRAEL,37.5,16,,G,65.4,,Y,,,        ,,,Blue,MED,0,Faceted,THK,THN,GIA,4.45 x  4.38 x  2.89,,,,42,G,-0.33,1474,0.35,,G,58,,,0,,,,,,
AZ034-16,RAD,0.45,F,SI2,,VG,F,,,3195163129,3195163129.pdf,,ISRAEL,0,0,NON,,71.4,https://segoma.com/v.php?type=inner&id=0Z7QSJ9HYY,Y,,,        ,,,,NON,0,,VTK,ETN,GIA,4.78 x  4.09 x  2.92,,,,    ,0,-0.4,960,RAD,,0,82,,,0,,,,,,,
AZ035-21,RBC,0.91,F,SI2,G,VG,G,,,5293053110,5293053110.pdf,K.T.S:Twinning Wisp,ISRAEL,37.5,16,NON,,63.6,,Y,,,        ,,,Blue,MED,0,Faceted,VTK,STK,GIA,6.09 x  6.04 x  3.86,,,,40.6,42.5,-0.45,2750,RBC,,50,58,,,0,,,,,,,
AZ040-78,CUSH,0.91,H,IF,,EX,VG,,,2256064799,2256064799.pdf,K.T.S:Minor Details of Polish,ISRAEL,0,0,NON,,66.2,,Y,,,        ,,,,NON,0,Faceted,MED,THN,GIA,5.62 x  5.41 x  3.58,,AZ043-76,,    ,0,-0.38,3100,CUSH,,0,64,HK-March2019,,0,,,,,,,
AZ041-3,BG,0.71,E,VS1,,VG,G,,,6235663062,6235663062.pdf,,ISRAEL,0,0,NON,,81.3,https://segoma.com/v.php?type=inner&id=5PE6L7EPLL,Y,,,        ,,,,MED,0,,STK,THN,GIA,7.55 x  3.42 x  2.78,,,,    ,0,-0.2,3680,BG,,0,66,HK-March2019,,0,,,,,,,
55,1728,RBC,G,VS1,NON,45.5,AZ042-45,,,7296054495,7296054495.pdf,K.T.S:Crystal, Needle,ISRAEL,38,16,,F,67.2,,Y,,,        ,,,,NON,0,Faceted,THK,MED,GIA,4.78 x  4.71 x  3.19,,,,42.6,VG,-0.36,1728,0.45,,F,58,,,0,,,,,,
AZ043-54,BG,0.54,H,VS2,,VG,VG,,,7192877249,7192877249.pdf,,ISRAEL,0,0,NON,,65.8,https://segoma.com/v.php?type=inner&id=QRUKVRI1JJ,Y,,,        ,,,,NON,0,,STK,MED,GIA,7.00 x  3.33 x  2.19,,AZ032-18,,    ,0,     ,2500,BG,,0,72,HK-March2019,,0,,,,,,,
AZ043-76,CUSH,0.9,H,VS2,,EX,VG,,,7251064801,7251064801.pdf,K.T.S:Cloud,ISRAEL,0,0,NON,,68.5,,Y,,,        ,,,,NON,0,Faceted,MED,VTN,GIA,5.58 x  5.34 x  3.66,,AZ040-78,,    ,0,-0.38,2852,CUSH,,0,63,HK-March2019,,0,,,,,,,
0.3,VG,-0.38,H,VS2,36,,,,,6292054505,6292054505.pdf,K.T.S:Cloud, Crystal, Chip, Feather,ISRAEL,,15.5,NON,F,64.4,,Y,,,        ,,,,NON,0,Faceted,ETK,THK,GIA,4.16 x  4.14 x  2.67,,,40.6,42.5,VG,1302,RBC,50,AZ043-78,VG,57,,,0,,,,
AZ045-5,RBC,0.64,LY,VS2,,VG,VG,,,2931387942,,,ISRAEL,0,0,,,61.7,,Y,,,        ,,,,NONE,0,,,,EGL Israel,5.50 x  5.48 x  3.39,,,,    ,0,     ,1000,RBC,,0,61,,,0,,,,,,,
,-0.3,2240,I,VVS1,0,    ,0,,,6312902095,6312902095.pdf,K.T.S:Feather, Indented Natural, Surface Graining,ISRAEL,0,,NON,,52.8,,Y,,,        ,,,Blue,MED,0,Faceted,VTK,THK,GIA,8.81 x  5.37 x  2.84,,,,0,VG,-0.3,PS,0.8,AZ050-11,VG,62,HK-March2019,,0,,,,,
0.3,VG,-0.35,I,VVS2,35,,,,,5296057199,5296057199.pdf,K.T.S:Pinpoint, Feather, Chip, Cavity,ISRAEL,,13,NON,VG,61.7,,Y,,,        ,,,,NON,0,Faceted,THK,STK,GIA,4.27 x  4.24 x  2.62,,,41.2,43.5,VG,1365,RBC,60,AZ051-15,VG,62,,,0,,,,
AZ052-46,PS,0.8,I,VS1,,VG,VG,,,6312902016,6312902016.pdf,K.T.S:Feather,ISRAEL,0,0,NON,,46.3,,Y,,,        ,,,Blue,MED,0,Faceted,VTK,STK,GIA,9.49 x  5.53 x  2.56,,,,    ,0,-0.3,2030,PS,,0,64,HK-March2019,,0,,,,,,,
AZ064-15,RBC,0.33,J,SI1,VG,VG,VG,,,2296053152,2296053152.pdf,K.T.S:Crystal,ISRAEL,35.5,15,NON,,62.3,,Y,,,        ,,,,NON,0,Faceted,THK,MED,GIA,4.40 x  4.38 x  2.73,,,,40.6,42.5,     ,1092,RBC,,55,58,,,0,,,,,,,
AZ064-16,RBC,0.3,J,SI1,G,EX,VG,,,2298053457,2298053457.pdf,K.T.S:Crystal,ISRAEL,35,15,NON,,64.4,,Y,,,        ,,,Blue,MED,0,Faceted,VTK,THK,GIA,4.19 x  4.17 x  2.69,,,,41.2,43.5,     ,1092,RBC,,55,57,,,0,,,,,,,
AZ099-11,RBC,0.36,FVY,,,,,,,,,,ISRAEL,0,0,,,0,,Y,,,        ,,,,,0,,,,,,,,,    ,0,     ,5000,RBC,,0,  ,HK-March2019,,0,,,,,,,
50000,    ,0,,I1, Indente,,CUSH,,,2185123493,2185123493.pdf,Pinpoints are not shown.  Fancy Pink, Natural Even K.T.S:Crystal, Etch Channel, Knot, Cavity,,ISRAEL,0,0,NON,,65.5,https://segoma.com/v.aspx?type=view&id=KC0WXTMC1B,Y,,,PINK    ,FANCY,,Blue,STG,0,Faceted,ETK,STK,GIA,5.42 x  5.40 x  3.54,,,    ,VG,     ,0.92,,0,AZ099-14,G,61,HK-March2019,,0,,
CUSH,0,G,,I1,ISRAEL,,0.93,,,2185617663,2185617663.pdf,Clouds, pinpoints and surface graining are not sho  Fancy Light Green, Natural Even K.T.S:Crystal, Feather, Extra Facet,,0,0,NON,,62.7,https://segoma.com/v.php?type=inner&id=SQV6D6VVUU,Y,,,GREEN   ,LIGHT,,Blue,STG,0,Faceted,ETK,VTK,GIA,5.74 x  5.54 x  3.47,WeChat ID - GuyZamir,,    ,0,     ,8200,,0,AZ099-2,G,64,HK-March2019,,0,,,
RBC,0,G,Fancy,SI1,ISRAEL,,0.21,,,5141663693,5141663693.pdf,Pinpoints are not shown.  Fancy Deep Brownish Greenish Yellow, Natural K.T.S:Etch Channel, Feather, Indented Natural, Ext,,0,0,NON,,56.4,,Y,,,        ,,,,NON,0,,ETK,THK,GIA,3.89 x  3.84 x  2.18,,,    ,0,     ,2500,,0,AZ099-24,F,63,,,0,,,
RBC,0,G,,VS1,ISRAEL,,0.71,,,2256832676,2256832676.pdf,Internal graining is not shown.  Fancy Orangy Pink, Natural Even K.T.S:Crystal, Feather, Pinpoint, Natural,,0,0,NON,,62.9,https://segoma.com/v.aspx?type=view&id=NGMOFD3TYH,Y,,,PINK    ,FANCY,ORANGY,Blue,STG,0,Faceted,STK,MED,GIA,5.73 x  5.69 x  3.59,,,    ,0,     ,35000,,0,AZ099-34,VG,58,HK-March2019,,0,,,
AZ099-41,RAD,0.68,,I2,,,,,,2175190233,,VIVID PURPLISH,ISRAEL,0,0,,,0,,Y,,,PINK    ,VIVID,PURPLISH,,,0,,,,GIA,,,,,    ,0,     ,100000,RAD,,0,  ,HK-March2019,,0,,,,,,,
     ,,    ,,I2, Cloud,4.00 x  3.89 x  2.45,40000,,,1206064938,1206064938.pdf,Additional clouds, pinpoints and internal graining  Fancy Intense Purplish Pink, Natural Even K.T.S:Etch Channel, Feather, Crystal,, Cavit,ISRAEL,0,0,NON,,62.2,,Y,,,PINK    ,INTENSE,PURPLISH,Blue,MED,0,,STK,ETN,GIA,,,,0,VG,RBC,0.23,,0,AZ099-42,F,60,,,0,
RBC,0,G,,I2,ISRAEL,,0.27,,,2205065588,2205065588.pdf,Fancy Pink, Natural Even K.T.S:Crystal, Feather, Indented Natural, Etch Cha,,0,0,NON,,64.9,,Y,,,PINK    ,FANCY,,Blue,MED,0,,VTK,MED,GIA,4.09 x  4.04 x  2.63,,,    ,0,     ,28000,,0,AZ099-43,F,62,,,0,,,
AZ099-44,RBC,1.51,,SI3,,,,,,,,,ISRAEL,0,0,,,0,,Y,,,PINK    ,VIVID,,,,0,,,,,,,,23,    ,0,     ,60000,RBC,,0,  ,HK-March2019,,0,,,,,,,
AZ099-46,RBC,0.45,,I1,,,,,,,,,ISRAEL,0,0,,,0,,Y,,,PINK    ,,,,,0,,,,,,,,7,    ,0,     ,15000,RBC,,0,  ,,,0,,,,,,,
AZ099-70,RBC,7.51,,,,,,,,,,,ISRAEL,0,0,,,0,,Y,,,YELLOW  ,VIVID,,,,0,,,,,,,,31,    ,0,     ,5000,RBC,,0,  ,HK-March2019,,0,,,,,,,
0.62,EX,     ,,VS2,0,,,,,6194953126,6194953126.pdf,Internal graining is not shown.  Fancy Brownish Orangy Pink, Natural Even K.T.S:Indented Natural, Feather, Extra Facet,ISRAEL,,0,NON,,64.4,https://segoma.com/v.aspx?type=view&id=WLE4W80CVM,Y,,,PINK    ,FANCY,ORANGY,Blue,MED,0,Faceted,ETK,THK,GIA,6.25 x  4.52 x  2.91,,,    ,0,EX,12000,OV,0,AZ099-75,G,58,HK-March2019,,0,,,,
PS,0,VG,D,VVS1,ISRAEL,AZ112-87,1.04,,,1305497991,1305497991.pdf,Additional pinpoints are not shown. Surface graini   K.T.S:Pinpoint, Feather, Cavity, Chip, Indented Na,,0,0,NON,,59,,Y,,,        ,,,,FNT,0,Faceted,VTK,MED,GIA,9.04 x  5.76 x  3.40,,,    ,0,-0.45,6050,,0,AZ100-46,VG,54,HK-March2019,,0,,,
0,7590,OV,D,VVS1,NON,0,AZ100-50,,,1315897397,1315897397.pdf,K.T.S:Pinpoint, Indented Natural,ISRAEL,0,0,,,61.8,,Y,,,        ,,,,NON,0,Faceted,STK,THN,GIA,8.31 x  5.50 x  3.40,,AZ100-51,,    ,EX,-0.31,7590,1.04,,VG,62,,,0,,,,,,
AZ100-51,OV,1.04,D,VVS1,,EX,VG,,,2316904100,2316904100.pdf,K.T.S:Pinpoint,ISRAEL,0,0,NON,,61.5,,Y,,,        ,,,,NON,0,Faceted,THK,MED,GIA,8.17 x  5.56 x  3.42,,AZ100-50,,    ,0,-0.31,7590,OV,,0,54,,,0,,,,,,,
AZ100-54,OV,1.57,D,IF,,VG,VG,,,2151386603,2151386603.pdf,Minor details of polish are not shown.   K.T.S:Natural,ISRAEL,0,0,NON,,59.1,https://segoma.com/v.aspx?type=view&id=JAFDRVPZER,Y,,,        ,,,,NON,0,Faceted,MED,VTN,GIA,9.18 x  6.74 x  3.98,,,,    ,0,-0.41,10030,OV,,0,56,HK-March2019,,0,,,,,,,
AZ101-49,PS,1.05,D,VVS2,,VG,VG,,,7312905193,7312905193.pdf,Surface graining is not shown.   K.T.S:Pinpoint,ISRAEL,0,0,NON,,61.5,https://segoma.com/v.aspx?type=view&id=EVVRMFRD46,Y,,,        ,,,,NON,0,Faceted,STK,MED,GIA,8.97 x  5.68 x  3.49,,,,    ,0,-0.3,6860,PS,,0,58,HK-March2019,,0,,,,,,,
RBC,43.5,EX,D,VS1,ISRAEL,,1.5,,,2131315861,2131315861.pdf,Additional pinpoints are not shown.   K.T.S:Crystal, Feather, Cloud, Indented Natural, N,,35.5,14.5,NON,VG,62.6,https://segoma.com/v.php?type=inner&id=IRA1WW6KKK,Y,,,        ,,,,NON,0,Faceted,THK,MED,GIA,7.25 x  7.21 x  4.53,,,41,43.5,-0.33,10720,,55,AZ102-13,VG,60,HK-March2019,,0,,,
AZ102-60,RBC,1.01,D,VS1,EX,EX,VG,,,2131619123,2131619123.pdf,Pinpoints are not shown.,ISRAEL,36.5,16,NON,,63.3,https://segoma.com/v.php?type=inner&id=BXQ6A0ARZZ,Y,,,        ,,,,NON,0,Faceted,STK,MED,GIA,6.42 x  6.30 x  4.03,,,,41.2,43.5,-0.3,8540,RBC,,50,57,HK-March2019,,0,,,,,,,
AZ102-7,RBC,1.01,D,VS1,EX,EX,VG,,,2148374439,2148374439.pdf,An additional pinpoint is not shown.,ISRAEL,36,15,NON,,62,https://segoma.com/v.php?type=inner&id=FI66GRSJOO,Y,,,        ,,,,FNT,0,Faceted,,STK,GIA,6.40 x  6.36 x  3.96,,,,40.8,43,-0.32,8296,RBC,,55,59,HK-March2019,,0,,,,,,,
AZ104-84,RBC,1.02,D,SI1,EX,EX,EX,,,D88801980IL,,,ISRAEL,0,0,,,63.1,,Y,,,        ,,,,NONE,0,,,,IGL,6.28 x  6.35 x  3.98,,,,    ,0,-0.54,3956,RBC,,0,57,HK-March2019,,0,,,,,,,
0,6370,BG,E,VVS1,NON,0,AZ111-54,,,1273785898,1273785898.pdf,K.T.S:Pinpoint, Cavity,ISRAEL,0,0,,,65.7,,Y,,,        ,,,,NON,0,,,STK,GIA,8.70 x  4.19 x  2.75,,AZ122-87,,    ,EX,-0.35,6370,1.02,,EX,69,HK-March2019,,0,,,,,,
,-0.45,4125,E,VS1,0,    ,0,,,1275110196,1275110196.pdf,K.T.S:Feather, Pinpoint, Extra Facet,ISRAEL,0,,NON,,56,,Y,,,        ,,,Blue,MED,0,Faceted,ETK,VTK,GIA,9.10 x  5.55 x  3.11,,AZ100-46,,0,VG,-0.45,PS,1.01,AZ112-87,F,53,HK-March2019,,0,,,,,
AZ113-18,PS,1.02,D,VS2,,VG,VG,,,2151386592,2151386592.pdf,K.T.S:,ISRAEL,0,0,NON,,65,https://segoma.com/v.aspx?type=view&id=647JOCFO3W,Y,,,        ,,,,NON,0,Faceted,VTK,MED,GIA,9.17 x  5.42 x  3.53,,,,    ,0,-0.35,4875,PS,,0,51,HK-March2019,,0,,,,,,,
1.04,VG,-0.31,E,VS2,32.5,,,,,7276877951,7276877951.pdf,Additional pinpoints are not shown. Surface graini   K.T.S:Feather, Twinning Wisp, Cloud, Pinpoint,ISRAEL,,13,NON,EX,60.1,https://segoma.com/v.aspx?type=view&id=LLV6LDPBQR,Y,,,        ,,,,FNT,0,Faceted,STK,MED,GIA,6.57 x  6.54 x  3.94,,,40.8,43,VG,6624,RBC,45,AZ113-45,EX,59,HK-March2019,,0,,,,
,-0.4,5880,E,VS2,0,    ,0,,,1313419438,1313419438.pdf,Pinpoints are not shown.   K.T.S:Crystal, Feather, Needle,ISRAEL,0,,NON,,63.6,https://segoma.com/v.aspx?type=view&id=R30KNWEXVS,Y,,,        ,,,,NON,0,,THK,THN,GIA,8.22 x  5.65 x  3.59,,,,0,EX,-0.4,EM,1.57,AZ113-56,VG,64,HK-March2019,,0,,,,,
RBC,44.5,EX,G,SI1,ISRAEL,,11.29,,,2151874585,2151874585.pdf,Clouds are not shown.Pinpoints are not shown.   K.T.S:Crystal, Feather, Knot, Needle, Indented Nat,,31.5,12.5,NON,EX,60.2,https://segoma.com/v.php?type=view&id=7NP4V21UOO,Y,,,        ,,,,FNT,0,Faceted,MED,THN,GIA,14.67 x 14.58 x  8.80,,,41.8,44.5,     ,35000,,50,AZ1134-1,EX,59,HK-March2019,,0,,,
RBC,44,EX,E,SI2,ISRAEL,,1.02,,,6271456241,6271456241.pdf,Additional clouds are not shown. Pinpoints are not   K.T.S:Feather, Crystal, Cloud, Needle, Indented Na,,34.5,13.5,NON,VG,62.3,https://segoma.com/v.aspx?type=view&id=KZ8YD9T6TC,Y,,,        ,,,,NON,0,Faceted,THK,MED,GIA,6.39 x  6.37 x  3.97,,,41.4,44,-0.32,4556,,50,AZ115-10,VG,61,HK-March2019,,0,,,
4623,    ,0,E,SI2, Indented Na,,RAD,,,2304544326,2304544326.pdf,Additional clouds, pinpoints and manufacturing rem   K.T.S:Crystal, Feather, Cavity, Cloud,,ISRAEL,0,0,NON,,67,,Y,,,        ,,,,NON,0,,VTK,MED,GIA,7.36 x  6.84 x  4.58,,,    ,VG,-0.33,1.9,,0,AZ115-48,G,64,HK-March2019,,0,,
AZ120-52,HS,1.07,F,VVS1,,EX,EX,,,5191531700,5191531700.pdf,Clarity grade is based on internal graining that i   K.T.S:,ISRAEL,0,0,NON,,56.5,,Y,,,        ,,,,NON,0,Faceted,STK,MED,GIA,6.16 x  7.31 x  4.13,,AZ123-45,,    ,0,-0.3,5950,HS,,0,60,HK-March2019,,0,,,,,,,
AZ122-87,BG,1.02,F,VS1,,EX,EX,,,2294229816,2294229816.pdf,K.T.S:Feather,ISRAEL,0,0,NON,,64.5,,Y,,,        ,,,,NON,0,,MED,THN,GIA,8.58 x  4.24 x  2.73,,AZ111-54,,    ,0,-0.35,4550,BG,,0,69,HK-March2019,,0,,,,,,,
0,4556,HS,F,VS2,NON,0,AZ123-11,,,2307543233,2307543233.pdf,Internal graining is not shown. Surface graining i   K.T.S:Needle, Feather,ISRAEL,0,0,,,60.7,,Y,,,        ,,,,NON,0,Faceted,VTK,MED,GIA,5.93 x  6.87 x  4.17,,,,    ,EX,-0.33,4556,1.01,,VG,57,,,0,,,,,,
,-0.3,4760,F,VS2,0,    ,0,,,6311654044,6311654044.pdf,Surface graining is not shown.   K.T.S:Feather, Pinpoint, Natural,ISRAEL,0,,NON,,56.4,,Y,,,        ,,,,NON,0,Faceted,STK,MED,GIA,6.11 x  7.11 x  4.01,,AZ120-52,,0,VG,-0.3,HS,1.01,AZ123-45,VG,61,HK-March2019,,0,,,,,
-0.13,,41.8,F,I1, Needle,7.08 x  7.05 x  4.30,3828,,,1313509350,1313509350.pdf,Additional clouds, pinpoints and surface graining   K.T.S:Feather, Crystal, Cloud, Knot,, Inden,ISRAEL,33.5,13,NON,EX,60.8,https://segoma.com/v.aspx?type=view&id=UB35BHYWG7,Y,,,        ,,,,NON,0,Faceted,STK,MED,GIA,,,,44.5,EX,RBC,1.31,,50,AZ127-15,EX,61,HK-March2019,,0,
AZ130-1,RBC,1.01,G,VVS1,VG,VG,VG,,,3165398191,3165398191.pdf,Cut grade affected by brillianteering.,ISRAEL,31.5,13,NON,,60.4,https://segoma.com/v.php?type=inner&id=Q48YDU7RCC,Y,,,        ,,,,NON,0,,THK,STK,GIA,6.48 x  6.44 x  3.90,,,,41.2,43.5,-0.32,6936,RBC,,50,58,HK-March2019,,0,,,,,,,
AZ135-15,RBC,1.07,G,SI2,EX,VG,EX,,,329866738,,,ISRAEL,0,0,,,0,https://segoma.com/v.aspx?type=view&id=J7NZPX8L95,Y,,,        ,,,,NONE,0,,,,IGI,6.46 x  6.50 x  4.06,,,,    ,0,-0.37,3780,RBC,,0,61,HK-March2019,,0,,,,,,,
AZ140-15,CUSH,1.13,H,IF,,EX,VG,,,6242755179,6242755179.pdf,Minor details of polish are not shown.   K.T.S:,ISRAEL,0,0,NON,,68.5,https://segoma.com/v.aspx?type=view&id=8SKFEJUN59,Y,,,        ,,,,NON,0,Faceted,STK,THN,GIA,5.87 x  5.81 x  3.98,,AZ140-18,,    ,0,-0.45,3630,CUSH,,0,61,HK-March2019,,0,,,,,,,
AZ140-18,CUSH,1.06,H,IF,,EX,VG,,,6242754738,6242754738.pdf,Minor details of polish are not shown.   K.T.S:,ISRAEL,0,0,NON,,68.7,https://segoma.com/v.aspx?type=view&id=75PD4XWIM6,Y,,,        ,,,,NON,0,Faceted,MED,VTN,GIA,5.69 x  5.67 x  3.90,,AZ140-15,,    ,0,-0.45,3630,CUSH,,0,61,HK-March2019,,0,,,,,,,
,-0.23,6160,H,VS1,13.5,41.2,55,,,1188043223,1188043223.pdf,Additional pinpoints are not shown.   K.T.S:Crystal, Cloud, Pinpoint,ISRAEL,33,,NON,EX,60.4,https://segoma.com/v.aspx?type=view&id=LM2BVLOA9C,Y,,,        ,,,,NON,0,Faceted,MED,THN,GIA,6.54 x  6.51 x  3.94,,,,43.5,EX,-0.23,RBC,1.01,AZ142-16,EX,58,HK-March2019,,0,,,,,
MQ,0,VG,H,VS2,ISRAEL,,1.01,,,7291854022,7291854022.pdf,Pinpoints are not shown.   K.T.S:Feather, Crystal, Cavity, Needle, Extra Face,,0,0,MED,,59.6,,Y,,,        ,,,Blue,MED,0,Faceted,ETK,THN,GIA,11.87 x  4.88 x  2.91,,,    ,0,-0.5,2700,,0,AZ143-11,F,53,,,0,,,
AZ144-10,HS,1,J,,,,,,,,,,ISRAEL,0,0,,,0,https://up.diacam360.com/scan/163a_53095,Y,,,        ,,,,,0,,,,,,,,,    ,0,     ,1700,HS,,0,  ,,,0,,,,,,,
RBC,43.5,EX,K,SI2,ISRAEL,,1,,,6295382217,6295382217.pdf,Additional clouds are not shown.   K.T.S:Feather, Crystal, Cloud, Needle, Indented Na,,36,13,NON,G,62.5,https://segoma.com/v.aspx?type=view&id=TGDPVOWNHF,Y,,,        ,,,Blue,MED,0,Faceted,VTK,THK,GIA,6.30 x  6.25 x  3.92,,,41,43.5,-0.35,2535,,60,AZ175-11,VG,64,HK-March2019,,0,,,
AZ180-11,OV,1.59,N,VVS1,,EX,VG,,,1172867721,1172867721.pdf,K.T.S:Feather,ISRAEL,0,0,NON,,46.6,,Y,,,        ,,,,NON,0,Faceted,VTK,STK,GIA,9.99 x  6.96 x  3.24,,,,    ,0,     ,2300,OV,,0,67,HK-March2019,,0,,,,,,,
PS,0,VG,L,SI1,ISRAEL,AZ273-11,1.7,,,6305319021,6305319021.pdf,Clouds, pinpoints and surface graining are not sho   K.T.S:Crystal, Feather, Cavity, Needle,,0,0,NON,,65.7,,Y,,,        ,,,,NON,0,Faceted,ETK,MED,GIA,9.96 x  6.51 x  4.28,,,    ,0,-0.25,2475,,0,AZ184-15,G,60,HK-March2019,,0,,,
AZ197-1,PR,1.03,FGGY,,,,,,,15144542,AZ197-01.pdf,NONE,ISRAEL,0,0,,,0,,Y,,,        ,,,,,0,,,,GIA,5.49 x  5.43 x  4.27,,,,    ,0,     ,2500,PR,,0,  ,,,0,,,,,,,
,     ,90000,,VVS1,0,    ,0,,,2185987202,2185987202.pdf,Internal graining is not shown. Additional extra f  Fancy Orangy Pink, Natural Even K.T.S:Chip, Extra Facet,ISRAEL,0,,NON,,62.3,https://segoma.com/v.aspx?type=view&id=6WJGGFQJZ5,Y,,,PINK    ,FANCY,ORANGY,,NON,0,,VTK,THK,GIA,6.68 x  5.80 x  3.61,,,,0,VG,     ,RAD,1.3,AZ199-02,G,70,HK-March2019,,0,,,,,
1.14,EX,     ,,VVS1,0,,,,,2181724517,2181724517.pdf,Fancy Intense Yellow, Natural Even K.T.S:Feather, Indented Natural, Natural,ISRAEL,,0,NON,,74.6,https://segoma.com/v.php?type=inner&id=N83TWULZZ,Y,,,YELLOW  ,INTENSE,,Blue,MED,0,,,ETK,GIA,6.34 x  4.93 x  3.68,,AZ199-14,    ,0,EX,6000,RAD,0,AZ199-13,EX,61,HK-March2019,,0,,,,
,     ,6000,,VVS1,0,    ,0,,,6173934362,6173934362.pdf,Surface graining is not shown.  Fancy Intense Yellow, Natural Even K.T.S:Feather, Chip,ISRAEL,0,,NON,,72.1,https://segoma.com/v.php?type=inner&id=ZTZTW55UNN,Y,,,YELLOW  ,INTENSE,,,NON,0,,,ETK,GIA,6.15 x  5.06 x  3.65,,AZ199-13,,0,VG,     ,RAD,1.13,AZ199-14,VG,60,HK-March2019,,0,,,,,
     ,,    ,,VS2, Feather,6.40 x  7.48 x  3.87,6200,,,6272044633,6272044633.pdf,Additional clouds, pinpoints and surface graining  Fancy Intense Yellow, Natural Even K.T.S:Twinning Wisp, Cloud, Crystal,, Need,ISRAEL,0,0,NON,,51.7,https://segoma.com/v.aspx?type=view&id=G42AMN8QHU,Y,,,YELLOW  ,INTENSE,,,NON,0,Faceted,VTK,MED,GIA,,,,0,EX,HS,1.27,,0,AZ199-19,G,64,HK-March2019,,0,
1.62,EX,     ,,VVS1,0,,,,,1278836202,1278836202.pdf,Fancy Intense Yellow, Natural Even K.T.S:Cloud, Feather, Extra Facet,ISRAEL,,0,NON,,66.7,https://segoma.com/v.aspx?type=view&id=8OVZNJBXEB,Y,,,YELLOW  ,INTENSE,,,NON,0,,ETK,VTK,GIA,6.34 x  6.27 x  4.18,,,    ,0,EX,6250,RAD,0,AZ199-41,G,65,HK-March2019,,0,,,,
AZ199-43,RBC,1.01,H,VS1,EX,EX,EX,,,D90481730IL,,,ISRAEL,0,0,,,64.3,,Y,,,        ,,,,FAINT,0,,,,IGL,6.29 x  6.32 x  4.05,,,,    ,0,     ,2000,RBC,,0,57,HK-March2019,,0,,,,,,,
AZ199-44-1,RBC,1.25,J,VS2,G,VG,G,,,D90481417IL,,,ISRAEL,0,0,,,67,,Y,,,        ,,,,NONE,0,,,,IGL,6.47 x  6.62 x  4.40,,,,    ,0,-0.55,2565,RBC,,0,55,HK-March2019,,0,,,,,,,
AZ199-44-2,RBC,1.11,H,SI1,EX,EX,EX,,,D90482050IL,,,ISRAEL,0,0,,,61.3,,Y,,,        ,,,,NONE,0,,,,IGL,6.63 x  6.76 x  4.09,,,,    ,0,-0.7,2040,RBC,,0,57,HK-March2019,,0,,,,,,,
30000,    ,0,,SI1, Indented Nat,,PS,,,2195939216,2195939216.pdf,Clouds, pinpoints and surface graining are not sho  Fancy Deep Brown-Pink, Natural Even K.T.S:Etch Channel, Crystal, Feather,,ISRAEL,0,0,NON,,54.5,https://segoma.com/v.aspx?type=view&id=2CSQHIJ8X2,Y,,,PINK    ,FANCY,BROWN,Blue,MED,0,Faceted,VTK,THN,GIA,9.36 x  5.75 x  3.14,,,    ,VG,     ,1.02,,0,AZ199-46,G,59,HK-March2019,,0,,
AZ199-54,RAD,1.65,S,VS2,,VG,G,,,3215924848,3215924848.pdf,Additional clouds are not shown.,ISRAEL,0,0,NON,,68.2,https://up.diacam360.com/scan/83ef_44591,Y,,,        ,,,,NON,0,,ETK,VTK,GIA,6.46 x  6.33 x  4.32,,,,    ,0,     ,2750,RAD,,0,76,HK-March2019,,0,,,,,,,
2.01,EX,-0.3,D,VS1,0,,,,,7328467980,7328467980.pdf,Surface graining is not shown.   K.T.S:Feather, Needle, Pinpoint, Indented Natural,ISRAEL,,0,NON,,58,,Y,,,        ,,,,NON,0,Faceted,VTK,STK,GIA,7.90 x  8.81 x  5.11,,AZ203-05,    ,0,EX,12600,HS,0,AZ202-03,EX,64,,,0,,,,
HS,0,EX,D,VS2,ISRAEL,AZ202-03,2.01,,,5306274808,5306274808.pdf,Pinpoints are not shown.   K.T.S:Crystal, Feather, Cavity, Indented Natural,,,0,0,NON,,58.7,,Y,,,        ,,,,NON,0,Faceted,VTK,THN,GIA,7.78 x  8.71 x  5.12,,,    ,0,-0.3,10850,,0,AZ203-05,EX,59,,,0,,,
5060,    ,0,D,SI2, Ex,,HS,,,5141848202,5141848202.pdf,Additional clouds are not shown. Pinpoints are not   K.T.S:Feather, Crystal, Cloud, Needle, Natural,,ISRAEL,0,0,NON,,58.1,https://segoma.com/v.php?type=inner&id=7GY2QUMMMM,Y,,,        ,,,,NON,0,Faceted,ETK,STK,GIA,7.18 x  8.50 x  4.94,AZ225-11,,    ,VG,-0.45,2.01,,0,AZ205-1,G,63,HK-March2019,,0,,
HS,0,EX,F,SI2,ISRAEL,AZ205-1,2.01,,,1172199178,1172199178.pdf,Additional clouds are not shown. Pinpoints are not   K.T.S:Crystal, Feather, Cloud, Needle, Indented Na,,0,0,NON,,59.9,https://segoma.com/v.php?type=inner&id=LLHY56LF99,Y,,,        ,,,,NON,0,Faceted,ETK,STK,GIA,7.21 x  8.56 x  5.13,,,    ,0,-0.45,4840,,0,AZ225-11,VG,59,HK-March2019,,0,,,
AZ241-10,RBC,2.03,H,VVS2,EX,EX,VG,,,2287830740,2287830740.pdf,Internal graining is not shown. Surface graining i   K.T.S:,ISRAEL,33.5,12.5,NON,,60.8,https://segoma.com/v.aspx?type=view&id=8J38WFKF6D,Y,,,        ,,,,NON,0,Faceted,STK,MED,GIA,8.19 x  8.11 x  4.95,,,,41.4,44,-0.37,9765,RBC,,55,61,HK-March2019,,0,,,,,,,
AZ245-01,RBC,2.62,G,SI2,EX,EX,EX,,,355935608,,,ISRAEL,0,0,,,61.3,https://segoma.com/v.aspx?type=view&id=OQLCWBT2H1,Y,,,        ,,,,NONE,0,,,,IGI,8.90 x  8.96 x  5.48,,,,    ,0,-0.38,6200,RBC,,0,57,HK-March2019,,0,,,,,,,
3000,    ,0,L,SI1, Indented N,,PS,,,1309318746,1309318746.pdf,Clouds, pinpoints and surface graining are not sho   K.T.S:Crystal, Cavity, Feather, Needle,,ISRAEL,0,0,NON,,66.8,,Y,,,        ,,,,NON,0,Faceted,ETK,THN,GIA,10.32 x  6.97 x  4.65,AZ184-15,,    ,VG,-0.25,2.01,,0,AZ273-11,F,59,HK-March2019,,0,,
AZ293-4,CUSH,2.69,,VVS2,,VG,VG,,,DB7007365IL,,,ISRAEL,0,0,,,0,,Y,,,BROWN   ,,,,FAINT,0,,,,IGL,8.64 x  9.69 x  4.81,,,,    ,0,     ,3000,CUSH,,0,  ,HK-March2019,,0,,,,,,,
AZ299-11,PS,2.47,L,VS,,,,,,,,,ISRAEL,0,0,,,0,,Y,,,        ,,,,,0,,,,GIA,,,,,    ,0,     ,3000,PS,,0,  ,HK-March2019,,0,,,,,,,
VG,,,Fancy,SI1, Feather,GIA,     ,,,1182697567,1182697567.pdf,Clouds, pinpoints, patches of color and surface gr  Fancy Dark Brown-Greenish Yellow, Natural Eve K.T.S:Crystal, Etch Channel,, Needle, Natu,ISRAEL,0,0,VSM,,60.3,https://segoma.com/v.aspx?type=view&id=RB8ERTMMCQ,Y,,,        ,,,,NON,0,Faceted,VTK,MED,9.68 x  7.61 x  4.59,,,    ,0,3000,OV,2.53,,0,AZ299-14,F,52,HK-March2019,,0
ROSE,0,G,,I2,ISRAEL,,2,,,2185966877,2185966877.pdf,Fancy Brownish Yellow, Natural Even K.T.S:Feather, Cavity, Indented Natural, Extra Fac,,0,0,NON,,38,https://segoma.com/v.aspx?type=view&id=BCX6LXKCIX,Y,,,YELLOW  ,FANCY,BROWNISH,,NON,0,Faceted,THK,THN,GIA,10.15 x  7.96 x  3.03,,,    ,0,     ,2000,,0,AZ299-18A,G,62,HK-March2019,,0,,,
AZ299-33,OV,2.01,,SI2,,VG,G,,,2131554883,2131554883.pdf,Fancy Yellow,ISRAEL,0,0,Very Small,,63.3,https://segoma.com/v.aspx?type=view&id=P4T2XIE2M2,Y,,,YELLOW  ,FANCY,,,FAINT,0,,Extremely Thick,Very Thick,GIA,8.59 x  6.68 x  4.23,,,,    ,0,     ,4500,OV,,0,61,HK-March2019,,0,,,,,,,
RAD,0,EX,,VS2,ISRAEL,,2.75,,,5191284722,5191284722.pdf,Fancy Intense Yellow, Natural Even K.T.S:Feather, Cloud, Needle, Extra Facet,,0,0,NON,,68.2,https://segoma.com/v.aspx?type=view&id=QV258FYXJ2,Y,,,YELLOW  ,INTENSE,,,NON,0,,ETK,ETN,GIA,8.18 x  7.26 x  4.95,,,    ,0,     ,8300,,0,AZ299-46,G,65,HK-March2019,,0,,,
RAD,0,EX,,VS2,ISRAEL,AZ299-57,2.01,,,1305447691,1305447691.pdf,Fancy Intense Yellow, Natural Even K.T.S:Feather, Indented Natural, Natural, Extra Fa,,0,0,NON,,68.2,,Y,,,YELLOW  ,INTENSE,,,NON,0,,VTK,THK,GIA,7.55 x  6.35 x  4.33,,,    ,0,     ,8500,,0,AZ299-56,G,63,,,0,,,
8500,    ,0,,VS2, Extra Facet,,RAD,,,6302964700,6302964700.pdf,Additional clouds are not shown. Pinpoints are not  Fancy Intense Yellow, Natural Even K.T.S:Crystal, Cloud, Needle, Natural,,ISRAEL,0,0,NON,,69,,Y,,,Yellow  ,Fancy Intense,,,NON,0,,ETK,THK,GIA,7.57 x  6.27 x  4.33,AZ299-56,,    ,EX,     ,2.04,,0,AZ299-57,VG,62,,,0,,
EX,AZ299-85,,,SI1, Feather,GIA,     ,,,5182915460,5182915460.pdf,Clouds, pinpoints, internal graining and surface g  Fancy Deep Brownish Greenish Yellow, Natural K.T.S:Crystal, Cavity,, Needle, Indented N,ISRAEL,0,0,NON,,67.8,,Y,,,YELLOW  ,DEEP,BROWNISH,,NON,0,Faceted,,ETK,6.82 x  6.78 x  4.60,WeChat ID - GuyZamir,AZ299-85,    ,0,3300,CUSH,2.01,,0,AZ299-66,VG,58,HK-March2019,,0
7100,    ,0,,VS2, Indented Na,,CUSH,,,2195408693,2195408693.pdf,Additional clouds are not shown.  Fancy Intense Yellow, Natural Even K.T.S:Crystal, Feather, Needle, Cloud,,ISRAEL,0,0,NON,,65.3,https://segoma.com/v.aspx?type=view&id=OFL2A1HGJ0,Y,,,YELLOW  ,INTENSE,,,NON,0,Faceted,ETK,THK,GIA,7.14 x  7.14 x  4.67,,,    ,EX,     ,2.09,,0,AZ299-78,G,67,HK-March2019,,0,,
3300,    ,0,,SI1,,WeChat ID - GuyZamir,CUSH,,,6183915437,6183915437.pdf,Clouds are not shown. Pinpoints are not shown.  Fancy Deep Brownish Greenish Yellow, Natural K.T.S:Crystal, Feather, Indented Natural, Needle,,ISRAEL,0,0,NON,,67.3,,Y,,,YELLOW  ,DEEP,GREENISH,,NON,0,Faceted,,ETK,GIA,6.78 x  6.66 x  4.48,AZ299-66,,    ,EX,     ,2.01,,0,AZ299-85,G,57,HK-March2019,,0,,
AZ301-4,RBC,3.01,D,VVS2,VG,EX,G,,,2121799084,2121799084.pdf,K.T.S:Pinpoint,ISRAEL,36,15,NON,,62.3,https://segoma.com/v.php?type=inner&id=QWXX046TDD,Y,,,        ,,,,NON,0,Faceted,STK,MED,GIA,9.22 x  9.17 x  5.73,,,,41.4,44,-0.48,25480,RBC,,50,59,,,0,,,,,,,
3,EX,-0.43,D,VS2,0,,,,,2247792050,2247792050.pdf,Internal graining is not shown.   K.T.S:Feather, Etch Channel, Cavity, Indented Natu,ISRAEL,,0,NON,,60.7,https://segoma.com/v.aspx?type=view&id=BJPZU5P4AS,Y,,,        ,,,,NON,0,Faceted,THK,THN,GIA,13.99 x  7.86 x  4.77,,,    ,0,EX,14250,MQ,0,AZ303-15,G,56,HK-March2019,,0,,,,
RBC,43,VG,E,VS1,ISRAEL,,3.01,,,1126957377,1126957377.pdf,K.T.S:Indented Natural, Cloud, Pinpoint, Natural,,,35,15,NON,VG,62.6,https://segoma.com/v.php?type=inner&id=DBJTR9C922,Y,,,        ,,,,NON,0,Faceted,THK,VTN,GIA,9.21 x  9.11 x  5.74,,,40.8,43,-0.48,18720,,50,AZ312-9,G,58,,,0,,,
13020,    ,0,F,VS2, Needle,,EM,,,6302667134,6302667134.pdf,Additional clouds, pinpoints, internal graining an   K.T.S:Crystal, Cloud, Feather,,ISRAEL,0,0,NON,,67.5,https://segoma.com/v.aspx?type=view&id=LGMOLCK9S4,Y,,,        ,,,,NON,0,,THK,STK,GIA,9.51 x  7.06 x  4.77,,,    ,EX,-0.38,3.02,,0,AZ323-15,EX,61,HK-March2019,,0,,
PS,0,VG,H,SI1,ISRAEL,,3,,,6312422234,6312422234.pdf,Clouds are not shown. Pinpoints are not shown.   K.T.S:Feather, Crystal, Cavity, Needle, Knot,,0,0,NON,,53.5,https://segoma.com/v.aspx?type=view&id=WB4ROAEZVO,Y,,,        ,,,,NON,0,Faceted,ETK,STK,GIA,12.54 x  8.51 x  4.56,,,    ,0,-0.3,8400,,0,AZ344-15,VG,59,HK-March2019,,0,,,
AZ350-15,PS,3.12,I,IF,,VG,G,,,2195483267,2195483267.pdf,Minor details of polish are not shown.   K.T.S:,HONG KONG,0,0,VSM,,63.6,https://segoma.com/v.aspx?type=view&id=DQ1UO8C9EN,Y,,,        ,,,Blue,VST,0,Faceted,ETK,MED,GIA,12.44 x  8.09 x  5.15,,,,    ,0,-0.45,9350,PS,,0,56,HK-March2019,,0,,,,,,,
,-0.42,8410,J,VVS2,13.5,41,55,,,2151819691,2151819691.pdf,Additional pinpoints are not shown.   K.T.S:Pinpoint, Indented Natural, Natural,ISRAEL,35,,NON,G,62.2,https://segoma.com/v.aspx?type=view&id=0LTJEQRQWW,Y,,,        ,,,,NON,0,Faceted,VTK,THN,GIA,9.15 x  9.08 x  5.67,,,,43.5,VG,-0.42,RBC,3.01,AZ361-11,G,62,HK-March2019,,0,,,,,
50,5440,RBC,L,SI1,NON,43.5,AZ374-15,,,2287421372,2287421372.pdf,Pinpoints are not shown.   K.T.S:Crystal, Needle,ISRAEL,36,15,,EX,62.6,https://segoma.com/v.aspx?type=view&id=PG4PF9HXP9,Y,,,        ,,,,NON,0,Faceted,STK,MED,GIA,9.39 x  9.34 x  5.86,,,,41,EX,-0.32,5440,3.22,,EX,59,HK-March2019,,0,,,,,,
AZ399-10,,3.04,,,,,,,,2185278090,,,ISRAEL,0,0,,,0,https://segoma.com/v.php?type=inner&id=4UQP3HYM44,Y,,,BROWN   ,DEEP,ORANGE,,,0,,,,GIA,8.26 x  7.52 x  5.90,,,,    ,0,     ,2000,,,0,  ,HK-March2019,,0,,,,,,,
,     ,7400,,SI2,0,    ,0,,,2185776311,2185776311.pdf,Pinpoints are not shown. An inscription is present  Fancy Intense Yellow, Natural Even K.T.S:Crystal, Indented Natural,ISRAEL,0,,NON,,70.3,https://segoma.com/v.php?type=inner&id=1HTJJXBEXX,Y,,,YELLOW  ,INTENSE,,,NON,0,Faceted,ETK,THK,GIA,8.12 x  7.54 x  5.30,,,,0,EX,     ,CUSH,3.01,AZ399-12,VG,59,HK-March2019,,0,,,,,
3.11,EX,     ,S-T,VS2,0,,,,,6292052382,6292052382.pdf,K.T.S:Crystal, Cloud, Feather, Pinpoint,ISRAEL,,0,NON,,69.1,AZ399-24.JPG,Y,,,        ,,,,FNT,0,Faceted,,VTK,GIA,8.81 x  7.48 x  5.17,,,    ,0,EX,3500,CUSH,0,AZ399-24,VG,63,HK-March2019,,0,,,,
AZ443-01,OLDC,4.31,H,VS2,,G,G,,,345846534,,,ISRAEL,0,0,,,0,,Y,,,        ,,,,SLIGHT,0,,,,IGI,10.06 x  8.77 x  6.57,,,,    ,0,     ,9450,OLDC,,0,55,HK-March2019,,0,,,,,,,
RAD,0,EX,S-T,VVS1,ISRAEL,,4.03,,,2286632824,2286632824.pdf,Surface graining is not shown.   K.T.S:Indented Natural, Feather, Cavity, Natural,,,0,0,NON,,69.9,,Y,,,        ,,,,FNT,0,,ETK,VTK,GIA,8.69 x  8.28 x  5.79,,,    ,0,     ,3800,,0,AZ499-87,VG,58,HK-March2019,,0,,,
AZ510-11,HS,5.04,E,IF,,EX,VG,,,1152079405,1152079405.pdf,Minor details of polish are not shown.   K.T.S:,ISRAEL,0,0,NON,,47.1,https://segoma.com/v.aspx?type=view&id=3OF3ESIG6P,Y,,,        ,,,,NON,0,Faceted,VTK,STK,GIA,11.89 x 12.11 x  5.70,,,,    ,0,-0.45,36300,HS,,0,60,HK-March2019,,0,,,,,,,
0,12000,RBC,H,SI1,VG,0,AZ555-1,,,10019494001,,,ISRAEL,0,0,POINTED,,62.1,https://up.diacam360.com/scan/fd97_52787,Y,,,        ,,,,SLIGHT,0,Faceted,,MED,,HRD,10.87 x 10.97 x  6.78,,,,    ,EX,-0.5,12000,5.04,,EX,59,HK-March2019,,0,,,,,,
AZ572-11,ASH,5.01,J,VS1,,VG,VG,,,D90505249IL,,,ISRAEL,0,0,,,66.6,,Y,,,        ,,,,FAINT,0,,,,IGL,9.40 x  9.42 x  6.26,,,,    ,0,-0.7,5100,ASH,,0,65,,,0,,,,,,,
5.01,G,     ,N,SI1,0,,,,,5202229587,5202229587.pdf,K.T.S:Feather, Cavity, Pinpoint, Natural,ISRAEL,,0,NON,,67,,Y,,,        ,,,,NON,0,,THK,THN,GIA,11.85 x  8.28 x  5.55,,,    ,0,G,5000,EM,0,AZ577-01,G,75,,,0,,,,
7500,    ,0,,VS2,,,CUSH,,,2185462956,2185462956.pdf,Fancy Yellow, Natural Even K.T.S:Feather, Indented Natural, Cavity, Natural,,ISRAEL,0,0,NON,,69.9,https://segoma.com/v.aspx?type=view&id=UKI7G536DR,Y,,,YELLOW  ,FANCY,,,NON,0,Faceted,ETK,VTK,GIA,9.60 x  8.79 x  6.14,,,    ,VG,     ,5.03,,0,AZ599-01,G,67,HK-March2019,,0,,
AZBR-PR12,PR,1,YTREA,,,,,,,F4E81046,,,ISRAEL,0,0,,,0,,Y,,,        ,,,,STRONG,0,,,,IGI,5.64 x  5.51 x  4.05,,,,    ,0,     ,1600,PR,,0,  ,,,0,,,,,,,
AZHD-003-11,HS,0.92,D,VS2,,VG,VG,,,2151225661,2151225661.pdf,,ISRAEL,0,0,NON,,51.1,https://segoma.com/v.aspx?type=view&id=OWH0XBCQUC,Y,,,        ,,,,NON,0,Faceted,ETK,THN,GIA,6.11 x  6.78 x  3.47,,,,    ,0,-0.3,4060,HS,,0,57,,,0,,,,,,,
6000,    ,0,,I1, Indented N,,CUSH,,,2165641037,2165641037.pdf,Pinpoints are not shown.  Fancy Brownish Yellow, Natural Even K.T.S:Feather, Crystal, Cavity, Needle,,ISRAEL,0,0,NON,,62.3,https://segoma.com/v.aspx?type=view&id=WVH3507BJJ,Y,,,YELLOW  ,FANCY,BROWNISH,Blue,MED,0,Faceted,VTK,THN,GIA,13.13 x 11.86 x  7.39,,,    ,VG,     ,9.05,,0,AZHD-1011,G,61,HK-March2019,,0,,
,-0.25,10350,E,VVS1,14.5,41.2,50,,,2145470604,2145470604.pdf,K.T.S:Pinpoint, Feather, Natural,ISRAEL,35.5,,NON,EX,62.2,https://segoma.com/v.php?type=inner&id=7TU57X50QQ,Y,,,        ,,,,NON,0,Faceted,STK,MED,GIA,6.82 x  6.79 x  4.23,,,,43.5,EX,-0.25,RBC,1.21,AZHD-110-16,EX,59,,,0,,,,,
0,4200,HS,F,VS1,NON,0,AZMK-122,,,5276760708,5276760708.pdf,Additional clouds, pinpoints and internal graining   K.T.S:Cloud,BELGIUM,0,0,,,59.7,,Y,,,        ,,,,NON,0,Faceted,THK,STK,GIA,6.00 x  6.74 x  4.02,,,,    ,VG,-0.4,4200,1.01,,VG,58,,,0,,,,,,
11000,    ,0,,VS1, Natural,,CUSH,,,2155581950,2155581950.pdf,Fancy Yellow, Natural Even K.T.S:Needle, Feather, Cloud, Pinpoint,,ISRAEL,0,0,NON,,67.2,https://segoma.com/v.php?type=inner&id=3UMCQN5UXX,Y,,,YELLOW  ,FANCY,,,NON,0,Faceted,ETK,VTK,GIA,10.92 x 10.47 x  7.03,,,    ,VG,     ,7.56,,0,AZMK-799,VG,71,HK-March2019,,0,,
AZPR-3.0MM,PR,2.69,F,SI1,,,,,,,,,ISRAEL,0,0,,,0,,Y,,,        ,,,,,0,,,,,,,,15,    ,0,     ,158,PR,,0,  ,HK-March2019,,0,,,,,,,
AZPR-3.3MM,PR,6.79,F,SI1,,,,,,,,,ISRAEL,0,0,,,0,,Y,,,        ,,,,,0,,,,,,,,31,    ,0,     ,158,PR,,0,  ,HK-March2019,,0,,,,,,,
AZPR-3.6MM,PR,2.14,F,SI1,,,,,,,,,ISRAEL,0,0,,,0,,Y,,,        ,,,,,0,,,,,,,,8,    ,0,     ,60,PR,,0,  ,HK-March2019,,0,,,,,,,
AZPR-3.8MM,PR,8.18,F,SI1,,,,,,,,,ISRAEL,0,0,,,0,,Y,,,        ,,,,,0,,,,,,,,27,    ,0,     ,158,PR,,0,  ,HK-March2019,,0,,,,,,,
AZRD-0107B,RBC,7.86,J,VSSI,,,,,,,,,ISRAEL,0,0,,,0,,Y,,,        ,,,,,0,,,,,,,,,    ,0,     ,614,RBC,,0,  ,HK-March2019,,0,,,,,,,
AZRD-020AG3,RBC,6.39,F,SI1,,,,,,,,,ISRAEL,0,0,,,0,,Y,,,        ,,,,,0,,,,,,,,,    ,0,     ,1321,RBC,,0,  ,HK-March2019,,0,,,,,,,
AZRD-020AG4,RBC,2.51,D,SI1,,,,,,,,,ISRAEL,0,0,,,0,,Y,,,        ,,,,,0,,,,,,,,,    ,0,     ,1103,RBC,,0,  ,HK-March2019,,0,,,,,,,
4845,40.8,43,H,I1, Needle,,RBC,,,5192351327,5192351327.pdf,Clouds, pinpoints and surface graining are not sho   K.T.S:Feather, Crystal, Knot, Cavity,,ISRAEL,36,15.5,NON,EX,62.3,,Y,,,        ,,,,NON,0,Faceted,STK,MED,GIA,8.08 x  7.99 x  5.01,,,40.8,EX,-0.15,2.02,,50,AZYA-42,VG,58,,,0,,
AZYA-45,RBC,4.07,H,SI2,EX,EX,EX,,,180000092899,,,ISRAEL,0,0,,,61.5,,Y,,,        ,,,,NIL,0,,,,HRD,10.26 x 10.32 x  6.33,,,,    ,0,-0.48,8320,RBC,,0,58,HK-March2019,,0,,,,,,,
AZYA-48,PS,4.02,G,SI1,,EX,VG,,,314888797,,,ISRAEL,0,0,,,65.6,,Y,,,        ,,,,VERY SLIGHT,0,,,,IGI,13.65 x  8.74 x  5.73,,,,    ,0,-0.4,10500,PS,,0,55,HK-March2019,,0,,,,,,,
AZYA-50,RBC,3.58,H,SI2,EX,EX,EX,,,345844789,,,ISRAEL,0,0,,,62.2,https://segoma.com/v.aspx?type=view&id=VSNS2571SE,Y,,,        ,,,,NONE,0,,,,IGI,9.75 x  9.79 x  6.08,,,,    ,0,-0.43,7410,RBC,,0,59,HK-March2019,,0,,,,,,,
AZYA-52,RBC,1.01,F,SI2,VG,EX,EX,,,350223205,,,ISRAEL,0,0,,,63.6,,Y,,,        ,,,,NONE,0,,,,IGI,6.27 x  6.32 x  4.01,,,,    ,0,-0.48,3328,RBC,,0,58,,,0,,,,,,,
RBC,44.5,EX,E,SI2,ISRAEL,,1.51,,,1313695539,1313695539.pdf,Additional clouds are not shown. Pinpoints are not   K.T.S:Feather, Crystal, Cloud, Cavity, Needle,,34,14.5,NON,EX,62.8,https://segoma.com/v.aspx?type=view&id=SNAJPW7BIO,Y,,,        ,,,,NON,0,Faceted,STK,MED,GIA,7.34 x  7.29 x  4.59,,,41.6,44.5,-0.23,6545,,50,AZYA-55,EX,57,HK-March2019,,0,,,
PR,0,EX,F,SI2,ISRAEL,,3.01,,,6325138671,6325138671.pdf,Additional clouds are not shown. Pinpoints are not   K.T.S:Feather, Cloud, Crystal, Cavity, Needle,,0,0,NON,,71.1,https://segoma.com/v.aspx?type=view&id=3D4COZHMEV,Y,,,        ,,,,NON,0,,THK,MED,GIA,8.15 x  7.97 x  5.66,,,    ,0,-0.35,7735,,0,AZYA-60,VG,68,,,0,,,
AZYA-61,RBC,3.55,G,SI2,VG,EX,EX,,,190000019082,,,ISRAEL,0,0,,,64,,Y,,,        ,,,,,0,,,,HRD,9.47 x  9.59 x  6.11,,,,    ,0,-0.45,7700,RBC,,0,55,,,0,,,,,,,
AZYA-62,CUSH,2.02,G,si1,,Exc,Exc,,,190000031019,190000031019.pdf,,ISRAEL,0,13,pointed,,67.9,,Y,,,        ,,,,medium,5.5,Faceted,,thick,HRD,7.69 x  6.64 x  4.51,,,,    ,0,-0.55,4725,CUSH,,0,65,,,0,,,,,,,
-0.37,,    ,F,SI2, Knot,10.54 x  6.84 x  4.54,5544,,,1327574305,1327574305.pdf,Additional twinning wisps, clouds, pinpoints and s   K.T.S:Twinning Wisp, Feather, Crystal,, Inden,ISRAEL,0,0,NON,,66.3,,Y,,,        ,,,,NON,0,Faceted,VTK,THK,GIA,,,,0,EX,PS,2,,0,AZYA-64,VG,53,,,0,
AZYA-67,RBC,2.01,G,SI2,VG,EX,VG,,,2327698086,,,ISRAEL,0,0,,,63.4,,Y,,,        ,,,,NONE,0,,,,GIA,7.91 x  7.96 x  5.03,,,,    ,0,-0.42,5800,RBC,,0,56,,,0,,,,,,,
AZYY-10,RBC,3.65,M,VS1,,,,,,,,,ISRAEL,0,0,,,0,,Y,,,        ,,,,,0,,,,,,,,,    ,0,     ,4500,RBC,,0,  ,,,0,,,,,,,
JEW-PEN,,1.35,,,,,,,,,,,ISRAEL,0,0,,,0,,Y,,,        ,,,,,0,,,,,,,,9,    ,0,     ,45000,,,0,  ,HK-March2019,,0,,,,,,,
PS,0,VG,D,VS2,ISRAEL,SH-114,3.01,,,7266674685,7266674685.pdf,K.T.S:Indented Natural, Cavity, Feather, Natural,,,0,0,NON,,61.2,https://segoma.com/v.aspx?type=view&id=4QMQKAFCAI,Y,,,        ,,,,NON,0,Faceted,ETK,MED,GIA,12.34 x  7.59 x  4.64,,,    ,0,-0.49,12750,,0,SH-135,G,52,HK-March2019,,0,,,
0,5040,PR,E,VVS2,NON,0,SH-148,,,1186150804,1186150804.pdf,Additional pinpoints are not shown. Surface graini   K.T.S:Pinpoint, Indented Natural,ISRAEL,0,0,,,67.6,https://segoma.com/v.aspx?type=view&id=NNXEN5QM3I,Y,,,        ,,,,NON,0,,VTK,THK,GIA,5.60 x  5.52 x  3.73,WeChat ID - GuyZamir,AZ102-18,,    ,EX,-0.4,5040,1.02,,VG,67,HK-March2019,,0,,,,,,
RAD,0,EX,H,SI1,ISRAEL,,1.9,,,5182986578,5182986578.pdf,Additional clouds are not shown. Pinpoints are not   K.T.S:Cloud, Feather, Crystal, Indented Natural, N,,0,0,NON,,68.8,,Y,,,        ,,,,NON,0,,,STK,GIA,7.52 x  6.01 x  4.14,,,    ,0,-0.36,4480,,0,SH-158,G,67,HK-March2019,,0,,,
OV,0,VG,G,SI2,ISRAEL,,2.61,,,5192454202,5192454202.pdf,Clouds are not shown. Pinpoints are not shown.   K.T.S:Laser Drill Hole, Feather, Crystal, Needle,,,0,0,NON,,58.6,https://segoma.com/v.aspx?type=view&id=TB5HVCZJTO,Y,,,        ,,,,NON,0,Faceted,THK,THN,GIA,11.92 x  7.51 x  4.40,,,    ,0,-0.25,6375,,0,SH-168,G,60,,,0,,,
,-0.3,3710,K,SI1,0,    ,0,,,7293467547,7293467547.pdf,Clouds are not shown. Pinpoints are not shown.   K.T.S:Crystal, Feather, Needle,ISRAEL,0,,NON,,69.6,,Y,,,        ,,,,NON,0,,,STK,GIA,7.53 x  7.40 x  5.14,,SH-173,,0,EX,-0.3,ASH,2.54,SH-171,EX,61,HK-March2019,,0,,,,,
9600,    ,0,F,SI1,,,OV,,,5181554414,5181554414.pdf,Additional clouds, internal graining and surface g   K.T.S:Feather, Cavity, Crystal, Indented Natural,,ISRAEL,0,0,NON,,60.6,https://segoma.com/v.aspx?type=view&id=RP3M72ATL8,Y,,,        ,,,,FNT,0,Faceted,ETK,STK,GIA,12.38 x  7.16 x  4.34,,,    ,VG,-0.4,3.01,,0,SH-174,G,60,HK-March2019,,0,,
1.13,VG,-0.33,F,SI2,0,,,,,6167846029,6167846029.pdf,Clouds are not shown.   K.T.S:Feather, Etch Channel, Crystal, Extra Facet,ISRAEL,,0,NON,,56.9,https://segoma.com/ClientsView_new.htm,Y,,,        ,,,,NON,0,Faceted,VTK,THN,GIA,9.41 x  6.06 x  3.45,,,    ,0,VG,3417,PS,0,SH-175,G,56,HK-March2019,,0,,,,
PS,0,EX,F,VS2,ISRAEL,,3.01,,,2314351780,2314351780.pdf,K.T.S:Feather, Crystal, Indented Natural, Needle,,,0,0,NON,,61,https://segoma.com/v.aspx?type=view&id=H1OXVRTUJQ,Y,,,        ,,,,NON,0,Faceted,ETK,MED,GIA,12.06 x  7.97 x  4.86,,,    ,0,-0.35,13650,,0,SH-190,G,54,HK-March2019,,0,,,
SH-204,RBC,4.03,K,SI1,VG,EX,EX,,,5201064193,5201064193.pdf,K.T.S:Feather,ISRAEL,32,10.5,NON,,58.8,,Y,,,        ,,,,NON,0,Faceted,STK,MED,GIA,10.45 x 10.42 x  6.13,,,,42,45,-0.35,7475,RBC,,55,66,,,0,,,,,,,
4.51,VG,-0.3,D,VS2,0,,,,,6321501446,6321501446.pdf,K.T.S:Crystal, Feather, Pinpoint, Indented Natural,ISRAEL,,0,NON,,53.1,,Y,,,        ,,,,NON,0,Faceted,VTK,MED,GIA,11.16 x 11.36 x  6.03,,,    ,0,VG,25200,HS,0,SHRD-06,VG,58,,,0,,,,
11390,    ,0,G,SI2, Nat,,PS,,,5201019694,5201019694.pdf,Additional twinning wisps, pinpoints and surface g   K.T.S:Crystal, Twinning Wisp, Feather, Cavity,,ISRAEL,0,0,NON,,55.2,,Y,,,        ,,,,NON,0,Faceted,ETK,MED,GIA,16.23 x  9.35 x  5.16,,,    ,VG,-0.33,5.03,,0,SHRD-07,G,52,,,0,,
YBR-15,,7.61,,,,,,,,,,,ISRAEL,0,0,,,0,,Y,,,        ,,,,,0,,,,,,,,21,    ,0,     ,1500,,,0,  ,HK-March2019,,0,,,,,,,
YDD-1,RBC,0.56,W-X,VVS2,VG,VG,G,,,1162749995,1162749995.pdf,,ISRAEL,33.5,12.5,VSM,,57.7,https://segoma.com/v.php?type=inner&id=YG07UOXWTT,Y,,,        ,,,,NON,0,Polished,MED,VTN,GIA,5.47 x  5.43 x  3.15,,,,40.8,43,     ,1000,RBC,,55,62,,,0,,,,,,,
4761,    ,0,E,SI2, Indented Na,,RAD,,,2304544326,2304544326.pdf,Additional clouds, pinpoints and manufacturing rem   K.T.S:Crystal, Feather, Cavity, Cloud,,ISRAEL,0,0,NON,,67,https://segoma.com/v.aspx?type=view&id=RRY5COOLQQ,Y,,,        ,,,,NON,0,,VTK,MED,GIA,7.36 x  6.84 x  4.58,,,    ,VG,-0.31,1.9,,0,YKF-01,G,64,,,0,,
YROZ-04,HS,1.17,D,IF,,G,G,,,15837742,15837742.pdf,Minor details of polish are not shown.   K.T.S:Extra Facet,ISRAEL,0,0,NON,,43.8,,Y,,,        ,,,,NON,0,Faceted,VTK,ETN,GIA,7.33 x  7.94 x  3.48,,,,    ,0,-0.55,6525,HS,,0,66,,,0,,,,,,,
YROZ-05,RBC,1.17,D,IF,EX,EX,EX,,,2111477169,,Surface graining is not shown.   K.T.S:,ISRAEL,35.5,15,NON,,62.3,,Y,,,        ,,,,NON,0,Faceted,STK,MED,GIA,6.72 x  6.69 x  4.18,,,,41,43.5,-0.4,11880,RBC,,50,58,,,0,,,,,,,
YROZ-06,RBC,1.5,D,IF,VG,EX,EX,,,14837865,14837865.pdf,Surface graining is not shown.Minor details of pol   K.T.S:,ISRAEL,33.5,16,NON,,60.7,,Y,,,        ,,,,NON,0,Faceted,STK,MED,GIA,7.46 x  7.41 x  4.51,,,,40.4,42.5,-0.49,13260,RBC,,50,52,,,0,,,,,,,
YROZ-07,RBC,1.74,D,IF,VG,EX,VG,,,6117459933,6117459933.pdf,Minor details of polish are not shown.   K.T.S:,ISRAEL,34.5,15,NON,,62.8,,Y,,,        ,,,,NON,0,Faceted,STK,THN,GIA,7.73 x  7.68 x  4.84,,,,41.8,44.5,-0.45,14300,RBC,,55,56,,,0,,,,,,,
     ,,    ,,SI2, Needle,7.80 x  6.37 x  4.58,6000,,,6157908393,6157908393.pdf,Clouds, pinpoints and surface graining are not sho  Fancy Intense Yellow, Natural Even K.T.S:Feather, Crystal, Etch Channel,, Inde,ISRAEL,0,0,NON,,71.9,,Y,,,YELLOW  ,INTENSE,,Blue,MED,0,Faceted,ETK,STK,GIA,,,,0,VG,CUSH,2.03,,0,YROZ-55,G,59,HK-March2019,,0,
YROZ-70,RBC,2.23,,VVS2,,,,,,,,,ISRAEL,0,0,,,0,,Y,,,PINK    ,,,,,0,,,,,,,,,    ,0,     ,14000,RBC,,0,  ,HK-March2019,,0,,,,,,,
0,18000,PS,,IF,NON,0,YROZ-99,,,2181596127,2181596127.pdf,Minor details of polish are not shown. * This diam  Fancy Vivid Pink, Treated  Even K.T.S:Extra Facet,ISRAEL,0,0,,,67.7,,Y,,,Pink    ,Fancy Vivid,,Orange,MED,0,Faceted,ETK,MED,GIA,13.85 x  8.90 x  6.03,,,,    ,VG,     ,18000,4.75,,G,56,HK-March2019,,0,,,,,,
YSEL-1,PS,25.45,K,,,,,,,,,,ISRAEL,0,0,,,0,,Y,,,        ,,,,,0,,,,,,,,41,    ,0,     ,1583,PS,,0,  ,HK-March2019,,0,,,,,,,
0,3135,HS,G,SI1,MED,0,YSEL-3,,,6173868833,6173868833.pdf,Additional twinning wisps, pinpoints and surface g   K.T.S:,ISRAEL,0,0,,,71.4,https://segoma.com/v.php?type=inner&id=CXPTUJRZJJ,Y,,,        ,,,,NON,0,Faceted,ETK,VTK,GIA,6.93 x  6.25 x  4.46,,,,    ,G,-0.45,3135,1.31,,G,60,,,0,,,,,,
YSEL-4,PS,1.01,J,VS2,,VG,G,,,2171868887,2171868887.pdf,Pinpoints are not shown.,ISRAEL,0,0,MED,,74,https://segoma.com/v.php?type=inner&id=MXA9J8W288,Y,,,        ,,,,NON,0,Faceted,ETK,VTK,GIA,7.36 x  5.09 x  3.77,,,,    ,0,-0.6,1560,PS,,0,48,HK-March2019,,0,,,,,,,
0,1450,PR,J,SI2,NON,0,YSEL-56,,,7311386254,7311386254.pdf,K.T.S:Crystal, Feather,ISRAEL,0,0,,,89.4,,Y,,,        ,,,,NON,0,,ETK,ETN,GIA,5.41 x  4.79 x  4.28,,,,    ,G,-0.5,1450,0.94,,F,68,,,0,,,,,,
YSEL-ZD168,HS,0.97,G,SI3,,VG,F,,,2360182426,,,ISRAEL,0,0,,,56.6,,Y,,,        ,,,,DISTINCT,0,,,,EGL Israel,7.26 x  6.24 x  3.53,,,,    ,0,-0.6,1280,HS,,0,57,,,0,,,,,,,
HS,0,VG,E,VS1,ISRAEL,,1,,,7271627090,7271627090.pdf,Pinpoints are not shown.   K.T.S:Crystal, Cavity, Needle, Indented Natural, N,,0,0,NON,,51.7,https://segoma.com/v.aspx?type=view&id=0ZGVN4J3ZZ,Y,,,        ,,,,NON,0,Faceted,STK,VTN,GIA,6.50 x  7.69 x  3.97,,,    ,0,-0.45,4125,,0,YSELD-01,G,65,,,0,,,
,-0.4,2520,G,VVS2,0,    ,0,,,6315386139,6315386139.pdf,K.T.S:Pinpoint, Feather, Cavity,ISRAEL,0,,NON,,66,https://segoma.com/v.aspx?type=view&id=QS248LIBLM,Y,,,        ,,,,NON,0,,STK,THN,GIA,6.73 x  4.16 x  2.74,,,,0,VG,-0.4,EM,0.74,YSELD-02,VG,66,,,0,,,,,
